2025-01-22 09:10:26,933 Worker rq:worker:880f71e743e946d3a3d0b40398253671 started with PID 740484, version 1.15.1
2025-01-22 09:10:26,933 Subscribing to channel rq:pubsub:880f71e743e946d3a3d0b40398253671
2025-01-22 09:10:26,933 *** Listening on home-mantra-mantrastage-bench:short, home-mantra-mantrastage-bench:default, home-mantra-mantrastage-bench:long...
2025-01-22 09:10:26,933 Cleaning registries for queue: home-mantra-mantrastage-bench:short
2025-01-22 09:10:26,934 Cleaning registries for queue: home-mantra-mantrastage-bench:default
2025-01-22 09:10:26,934 Cleaning registries for queue: home-mantra-mantrastage-bench:long
2025-01-22 09:10:26,936 home-mantra-mantrastage-bench:default: frappe.utils.background_jobs.execute_job(event=None, is_async=True, job_name='frappe.core.doctype.scheduled_job_type.scheduled_job_type.run_scheduled_jo..., kwargs={'job_type': 'mantra_dev.api_code.banck_transaction.get_icici_bank_file'}, method='frappe.core.doctype.scheduled_job_type.scheduled_job_type.run_scheduled_jo..., site='mantratecerpstage.com', user='Administrator') (mantratecerpstage.com::scheduled_job::mantra_dev.api_code.banck_transaction.get_icici_bank_file)
2025-01-22 09:10:27,089 home-mantra-mantrastage-bench:default: Job OK (mantratecerpstage.com::scheduled_job::mantra_dev.api_code.banck_transaction.get_icici_bank_file)
2025-01-22 09:10:27,090 Result is kept for 600 seconds
2025-01-22 09:10:27,093 home-mantra-mantrastage-bench:default: frappe.utils.background_jobs.execute_job(event=None, is_async=True, job_name='frappe.core.doctype.scheduled_job_type.scheduled_job_type.run_scheduled_jo..., kwargs={'job_type': 'india_compliance.gst_india.utils.e_invoice.retry_e_invoice_e_..., method='frappe.core.doctype.scheduled_job_type.scheduled_job_type.run_scheduled_jo..., site='mantratecerpstage.com', user='Administrator') (mantratecerpstage.com::scheduled_job::india_compliance.gst_india.utils.e_invoice.retry_e_invoice_e_waybill_generation)
2025-01-22 09:10:27,392 home-mantra-mantrastage-bench:default: Job OK (mantratecerpstage.com::scheduled_job::india_compliance.gst_india.utils.e_invoice.retry_e_invoice_e_waybill_generation)
2025-01-22 09:10:27,392 Result is kept for 600 seconds
2025-01-22 09:10:27,397 home-mantra-mantrastage-bench:default: frappe.utils.background_jobs.execute_job(event=None, is_async=True, job_name='frappe.core.doctype.scheduled_job_type.scheduled_job_type.run_scheduled_jo..., kwargs={'job_type': 'frappe.email.queue.flush'}, method='frappe.core.doctype.scheduled_job_type.scheduled_job_type.run_scheduled_jo..., site='mantratecerpstage.com', user='Administrator') (mantratecerpstage.com::scheduled_job::frappe.email.queue.flush)
2025-01-22 09:10:27,538 home-mantra-mantrastage-bench:default: Job OK (mantratecerpstage.com::scheduled_job::frappe.email.queue.flush)
2025-01-22 09:10:27,538 Result is kept for 600 seconds
2025-01-22 09:10:27,541 home-mantra-mantrastage-bench:default: frappe.utils.background_jobs.execute_job(event=None, is_async=True, job_name='frappe.core.doctype.scheduled_job_type.scheduled_job_type.run_scheduled_jo..., kwargs={'job_type': 'frappe.automation.doctype.reminder.reminder.send_reminders'}, method='frappe.core.doctype.scheduled_job_type.scheduled_job_type.run_scheduled_jo..., site='mantratecerpstage.com', user='Administrator') (mantratecerpstage.com::scheduled_job::frappe.automation.doctype.reminder.reminder.send_reminders)
2025-01-22 09:10:27,582 home-mantra-mantrastage-bench:default: Job OK (mantratecerpstage.com::scheduled_job::frappe.automation.doctype.reminder.reminder.send_reminders)
2025-01-22 09:10:27,582 Result is kept for 600 seconds
2025-01-22 09:10:27,585 home-mantra-mantrastage-bench:default: frappe.utils.background_jobs.execute_job(event=None, is_async=True, job_name='frappe.core.doctype.scheduled_job_type.scheduled_job_type.run_scheduled_jo..., kwargs={'job_type': 'hrms.hr.doctype.interview.interview.send_interview_reminder'}, method='frappe.core.doctype.scheduled_job_type.scheduled_job_type.run_scheduled_jo..., site='mantratecerpstage.com', user='Administrator') (mantratecerpstage.com::scheduled_job::hrms.hr.doctype.interview.interview.send_interview_reminder)
2025-01-22 09:10:27,624 home-mantra-mantrastage-bench:default: Job OK (mantratecerpstage.com::scheduled_job::hrms.hr.doctype.interview.interview.send_interview_reminder)
2025-01-22 09:10:27,624 Result is kept for 600 seconds
2025-01-22 09:10:27,627 home-mantra-mantrastage-bench:default: frappe.utils.background_jobs.execute_job(event=None, is_async=True, job_name='frappe.core.doctype.scheduled_job_type.scheduled_job_type.run_scheduled_jo..., kwargs={'job_type': 'frappe.monitor.flush'}, method='frappe.core.doctype.scheduled_job_type.scheduled_job_type.run_scheduled_jo..., site='mantratecerpstage.com', user='Administrator') (mantratecerpstage.com::scheduled_job::frappe.monitor.flush)
2025-01-22 09:10:27,665 home-mantra-mantrastage-bench:default: Job OK (mantratecerpstage.com::scheduled_job::frappe.monitor.flush)
2025-01-22 09:10:27,665 Result is kept for 600 seconds
2025-01-22 09:10:27,667 home-mantra-mantrastage-bench:default: frappe.utils.background_jobs.execute_job(event=None, is_async=True, job_name='frappe.core.doctype.scheduled_job_type.scheduled_job_type.run_scheduled_jo..., kwargs={'job_type': 'public_file_all'}, method='frappe.core.doctype.scheduled_job_type.scheduled_job_type.run_scheduled_jo..., site='mantratecerpstage.com', user='Administrator') (mantratecerpstage.com::scheduled_job::public_file_all)
2025-01-22 09:10:27,841 home-mantra-mantrastage-bench:default: Job OK (mantratecerpstage.com::scheduled_job::public_file_all)
2025-01-22 09:10:27,841 Result is kept for 600 seconds
2025-01-22 09:10:27,844 home-mantra-mantrastage-bench:long: frappe.utils.background_jobs.execute_job(event=None, is_async=True, job_name='Delete Repost Entries 6or4dicv7q', kwargs={'doc_name': '6or4dicv7q'}, method=<function delete_entry_from_error_log at 0x7cfc4ffc19e0>, site='mantratecerpstage.com', user='Guest') (mantratecerpstage.com::ffda4f18-2301-4630-84de-6797d40d9262)
2025-01-22 09:10:27,867 home-mantra-mantrastage-bench:long: Job OK (mantratecerpstage.com::ffda4f18-2301-4630-84de-6797d40d9262)
2025-01-22 09:10:27,867 Result is kept for 600 seconds
2025-01-22 09:10:27,870 home-mantra-mantrastage-bench:long: frappe.utils.background_jobs.execute_job(event=None, is_async=True, job_name='Repost 6or4dicv7q', kwargs={'doc': <RepostItemValuation: 6or4dicv7q docstatus=1>}, method=<function repost at 0x7cfc4ffc0540>, site='mantratecerpstage.com', user='Guest') (mantratecerpstage.com::21e86ff4-ee8e-4c33-b15d-6af1f4409d92)
2025-01-22 09:10:29,186 Worker rq:worker:2c760d6698844fe0bb7f2128b8fe5cfa started with PID 740535, version 1.15.1
2025-01-22 09:10:29,186 Subscribing to channel rq:pubsub:2c760d6698844fe0bb7f2128b8fe5cfa
2025-01-22 09:10:29,186 *** Listening on home-mantra-mantrastage-bench:short, home-mantra-mantrastage-bench:default, home-mantra-mantrastage-bench:long...
2025-01-22 09:10:29,188 home-mantra-mantrastage-bench:long: frappe.utils.background_jobs.execute_job(event=None, is_async=True, job_name='Delete Repost Entries 6or4dicv7q', kwargs={'doc_name': '6or4dicv7q'}, method=<function delete_entry_from_error_log at 0x7cfc4ffc19e0>, site='mantratecerpstage.com', user='Guest') (mantratecerpstage.com::fcd2c529-295f-49b3-9e7b-3688ded0121e)
2025-01-22 09:10:29,211 home-mantra-mantrastage-bench:long: Job OK (mantratecerpstage.com::fcd2c529-295f-49b3-9e7b-3688ded0121e)
2025-01-22 09:10:29,212 Result is kept for 600 seconds
2025-01-22 09:10:29,214 home-mantra-mantrastage-bench:long: frappe.utils.background_jobs.execute_job(event=None, is_async=True, job_name='Repost 6or4dicv7q', kwargs={'doc': <RepostItemValuation: 6or4dicv7q docstatus=1>}, method=<function repost at 0x7cfc4ffc0540>, site='mantratecerpstage.com', user='Guest') (mantratecerpstage.com::9079ad60-45ec-4315-b92f-01664d98f331)
2025-01-22 09:10:30,280 Worker rq:worker:9f9b7080d4e4436db64e5caf2fe87e6a started with PID 740552, version 1.15.1
2025-01-22 09:10:30,280 Subscribing to channel rq:pubsub:9f9b7080d4e4436db64e5caf2fe87e6a
2025-01-22 09:10:30,281 *** Listening on home-mantra-mantrastage-bench:short, home-mantra-mantrastage-bench:default, home-mantra-mantrastage-bench:long...
2025-01-22 09:10:30,282 home-mantra-mantrastage-bench:long: frappe.utils.background_jobs.execute_job(event=None, is_async=True, job_name='Delete Repost Entries 6or4dicv7q', kwargs={'doc_name': '6or4dicv7q'}, method=<function delete_entry_from_error_log at 0x7cfc4ffc19e0>, site='mantratecerpstage.com', user='Guest') (mantratecerpstage.com::f9b3cfc9-8b44-45d7-887c-d8cf86318e4e)
2025-01-22 09:10:30,307 home-mantra-mantrastage-bench:long: Job OK (mantratecerpstage.com::f9b3cfc9-8b44-45d7-887c-d8cf86318e4e)
2025-01-22 09:10:30,307 Result is kept for 600 seconds
2025-01-22 09:10:30,309 home-mantra-mantrastage-bench:long: frappe.utils.background_jobs.execute_job(event=None, is_async=True, job_name='Repost 6or4dicv7q', kwargs={'doc': <RepostItemValuation: 6or4dicv7q docstatus=1>}, method=<function repost at 0x7cfc4ffc0540>, site='mantratecerpstage.com', user='Guest') (mantratecerpstage.com::27a61e8a-c289-461b-b7b1-9a8e8bade160)
2025-01-22 09:10:31,177 Worker rq:worker:27d2ebe02d8645b3b48e51278c388111 started with PID 740567, version 1.15.1
2025-01-22 09:10:31,177 Subscribing to channel rq:pubsub:27d2ebe02d8645b3b48e51278c388111
2025-01-22 09:10:31,178 *** Listening on home-mantra-mantrastage-bench:short, home-mantra-mantrastage-bench:default, home-mantra-mantrastage-bench:long...
2025-01-22 09:10:31,179 home-mantra-mantrastage-bench:long: frappe.utils.background_jobs.execute_job(event=None, is_async=True, job_name='Delete Repost Entries 6or4dicv7q', kwargs={'doc_name': '6or4dicv7q'}, method=<function delete_entry_from_error_log at 0x7cfc4ffc19e0>, site='mantratecerpstage.com', user='Guest') (mantratecerpstage.com::bd1fd2f8-e52e-4da4-96c3-3877fc369ee9)
2025-01-22 09:10:31,204 home-mantra-mantrastage-bench:long: Job OK (mantratecerpstage.com::bd1fd2f8-e52e-4da4-96c3-3877fc369ee9)
2025-01-22 09:10:31,204 Result is kept for 600 seconds
2025-01-22 09:10:31,206 home-mantra-mantrastage-bench:long: frappe.utils.background_jobs.execute_job(event=None, is_async=True, job_name='Repost 6or4dicv7q', kwargs={'doc': <RepostItemValuation: 6or4dicv7q docstatus=1>}, method=<function repost at 0x7cfc4ffc0540>, site='mantratecerpstage.com', user='Guest') (mantratecerpstage.com::da5e5c8a-d78b-45af-93e4-1ae91eb8bbc3)
2025-01-22 09:10:32,053 Worker rq:worker:d3130b3cd034443eb36bf46fc13a0f2f started with PID 740581, version 1.15.1
2025-01-22 09:10:32,053 Subscribing to channel rq:pubsub:d3130b3cd034443eb36bf46fc13a0f2f
2025-01-22 09:10:32,054 *** Listening on home-mantra-mantrastage-bench:short, home-mantra-mantrastage-bench:default, home-mantra-mantrastage-bench:long...
2025-01-22 09:10:32,056 home-mantra-mantrastage-bench:long: frappe.utils.background_jobs.execute_job(event=None, is_async=True, job_name='Delete Repost Entries 6or4dicv7q', kwargs={'doc_name': '6or4dicv7q'}, method=<function delete_entry_from_error_log at 0x7cfc4ffc19e0>, site='mantratecerpstage.com', user='Guest') (mantratecerpstage.com::477a04ec-1ae6-46c5-a503-c4d7fbf15824)
2025-01-22 09:10:32,079 home-mantra-mantrastage-bench:long: Job OK (mantratecerpstage.com::477a04ec-1ae6-46c5-a503-c4d7fbf15824)
2025-01-22 09:10:32,079 Result is kept for 600 seconds
2025-01-22 09:10:32,082 home-mantra-mantrastage-bench:long: frappe.utils.background_jobs.execute_job(event=None, is_async=True, job_name='Repost 6or4dicv7q', kwargs={'doc': <RepostItemValuation: 6or4dicv7q docstatus=1>}, method=<function repost at 0x7cfc4ffc0540>, site='mantratecerpstage.com', user='Guest') (mantratecerpstage.com::5bf0ac56-1f2c-4013-badb-334d4ba61c5d)
2025-01-22 09:10:32,861 Worker rq:worker:87c95f991a414964a41084080e784c97 started with PID 740594, version 1.15.1
2025-01-22 09:10:32,861 Subscribing to channel rq:pubsub:87c95f991a414964a41084080e784c97
2025-01-22 09:10:32,862 *** Listening on home-mantra-mantrastage-bench:short, home-mantra-mantrastage-bench:default, home-mantra-mantrastage-bench:long...
2025-01-22 09:10:32,863 home-mantra-mantrastage-bench:long: frappe.utils.background_jobs.execute_job(event=None, is_async=True, job_name='Delete Repost Entries 6or4dicv7q', kwargs={'doc_name': '6or4dicv7q'}, method=<function delete_entry_from_error_log at 0x7cfc4ffc19e0>, site='mantratecerpstage.com', user='Guest') (mantratecerpstage.com::1ebe2502-4f9c-450c-a0fe-1bddbba3a0a9)
2025-01-22 09:10:32,887 home-mantra-mantrastage-bench:long: Job OK (mantratecerpstage.com::1ebe2502-4f9c-450c-a0fe-1bddbba3a0a9)
2025-01-22 09:10:32,887 Result is kept for 600 seconds
2025-01-22 09:10:32,890 home-mantra-mantrastage-bench:long: frappe.utils.background_jobs.execute_job(event=None, is_async=True, job_name='Beny file process', kwargs={'delimiter': '|'}, method=<function get_bene_file at 0x7841df326a20>, site='mantratecerpstage.com', user='Administrator') (mantratecerpstage.com::5a4d031f-61b0-41f2-a649-f56da21464d8)
2025-01-22 09:10:32,962 home-mantra-mantrastage-bench:long: Job OK (mantratecerpstage.com::5a4d031f-61b0-41f2-a649-f56da21464d8)
2025-01-22 09:10:32,962 Result is kept for 600 seconds
2025-01-22 09:10:32,964 home-mantra-mantrastage-bench:long: frappe.utils.background_jobs.execute_job(event=None, is_async=True, job_name='ICICI file process', kwargs={'delimiter': '|'}, method=<function get_icici_bank_file_background at 0x7841df334720>, site='mantratecerpstage.com', user='Administrator') (mantratecerpstage.com::5a3d5666-26a7-4bb3-b126-efdb2b69a179)
2025-01-22 09:10:33,039 home-mantra-mantrastage-bench:long: Job OK (mantratecerpstage.com::5a3d5666-26a7-4bb3-b126-efdb2b69a179)
2025-01-22 09:10:33,039 Result is kept for 600 seconds
2025-01-22 09:10:33,646 Worker rq:worker:900637f31392411ea63d4f3ef1c2b22c started with PID 740610, version 1.15.1
2025-01-22 09:10:33,646 Subscribing to channel rq:pubsub:900637f31392411ea63d4f3ef1c2b22c
2025-01-22 09:10:33,646 *** Listening on home-mantra-mantrastage-bench:short, home-mantra-mantrastage-bench:default, home-mantra-mantrastage-bench:long...
2025-01-22 09:10:34,426 Worker rq:worker:d37b57eaac47476f9a885e4fb97aebd1 started with PID 740620, version 1.15.1
2025-01-22 09:10:34,426 Subscribing to channel rq:pubsub:d37b57eaac47476f9a885e4fb97aebd1
2025-01-22 09:10:34,427 *** Listening on home-mantra-mantrastage-bench:short, home-mantra-mantrastage-bench:default, home-mantra-mantrastage-bench:long...
2025-01-22 09:10:35,156 Worker rq:worker:86674b2f5cad4d2b81d6b07dd64e5ce7 started with PID 740630, version 1.15.1
2025-01-22 09:10:35,156 Subscribing to channel rq:pubsub:86674b2f5cad4d2b81d6b07dd64e5ce7
2025-01-22 09:10:35,156 *** Listening on home-mantra-mantrastage-bench:short, home-mantra-mantrastage-bench:default, home-mantra-mantrastage-bench:long...
2025-01-22 09:10:35,934 Worker rq:worker:fca08262bc374f5d9bbc10cbd0184baa started with PID 740643, version 1.15.1
2025-01-22 09:10:35,935 Subscribing to channel rq:pubsub:fca08262bc374f5d9bbc10cbd0184baa
2025-01-22 09:10:35,935 *** Listening on home-mantra-mantrastage-bench:short, home-mantra-mantrastage-bench:default, home-mantra-mantrastage-bench:long...
2025-01-22 09:10:36,689 Worker rq:worker:e72e628be26149e9954abf7c8cff4ea8 started with PID 740653, version 1.15.1
2025-01-22 09:10:36,689 Subscribing to channel rq:pubsub:e72e628be26149e9954abf7c8cff4ea8
2025-01-22 09:10:36,689 *** Listening on home-mantra-mantrastage-bench:short, home-mantra-mantrastage-bench:default, home-mantra-mantrastage-bench:long...
2025-01-22 09:10:37,423 Worker rq:worker:a28d37ac90d84831b6120c77837df9e7 started with PID 740666, version 1.15.1
2025-01-22 09:10:37,423 Subscribing to channel rq:pubsub:a28d37ac90d84831b6120c77837df9e7
2025-01-22 09:10:37,424 *** Listening on home-mantra-mantrastage-bench:short, home-mantra-mantrastage-bench:default, home-mantra-mantrastage-bench:long...
2025-01-22 09:10:38,155 Worker rq:worker:b6a1ce6012a94a7687ffdc84ad2e37a3 started with PID 740676, version 1.15.1
2025-01-22 09:10:38,155 Subscribing to channel rq:pubsub:b6a1ce6012a94a7687ffdc84ad2e37a3
2025-01-22 09:10:38,157 *** Listening on home-mantra-mantrastage-bench:short, home-mantra-mantrastage-bench:default, home-mantra-mantrastage-bench:long...
2025-01-22 09:10:38,879 Worker rq:worker:529262222df840ef83d6ab43f89ded22 started with PID 740686, version 1.15.1
2025-01-22 09:10:38,879 Subscribing to channel rq:pubsub:529262222df840ef83d6ab43f89ded22
2025-01-22 09:10:38,879 *** Listening on home-mantra-mantrastage-bench:short, home-mantra-mantrastage-bench:default, home-mantra-mantrastage-bench:long...
2025-01-22 09:10:39,629 Worker rq:worker:d5ef23f947344702a9308ab97d37c03a started with PID 740696, version 1.15.1
2025-01-22 09:10:39,629 Subscribing to channel rq:pubsub:d5ef23f947344702a9308ab97d37c03a
2025-01-22 09:10:39,630 *** Listening on home-mantra-mantrastage-bench:short, home-mantra-mantrastage-bench:default, home-mantra-mantrastage-bench:long...
2025-01-22 09:10:40,381 Worker rq:worker:2a27476798194fd7ab34da1a78e9d5e4 started with PID 740709, version 1.15.1
2025-01-22 09:10:40,381 Subscribing to channel rq:pubsub:2a27476798194fd7ab34da1a78e9d5e4
2025-01-22 09:10:40,381 *** Listening on home-mantra-mantrastage-bench:short, home-mantra-mantrastage-bench:default, home-mantra-mantrastage-bench:long...
2025-01-22 09:10:47,333 Worker rq:worker:17069342dd6b4972ae2677b9c6b6cd9e started with PID 740782, version 1.15.1
2025-01-22 09:10:47,333 Subscribing to channel rq:pubsub:17069342dd6b4972ae2677b9c6b6cd9e
2025-01-22 09:10:47,333 *** Listening on home-mantra-mantrastage-bench:short, home-mantra-mantrastage-bench:default, home-mantra-mantrastage-bench:long...
2025-01-22 09:10:54,837 home-mantra-mantrastage-bench:default: frappe.utils.background_jobs.execute_job(event=None, is_async=True, job_name='frappe.core.doctype.scheduled_job_type.scheduled_job_type.run_scheduled_jo..., kwargs={'job_type': 'india_compliance.gst_india.doctype.purchase_reconciliation_to..., method='frappe.core.doctype.scheduled_job_type.scheduled_job_type.run_scheduled_jo..., site='mantratecerpstage.com', user='Administrator') (mantratecerpstage.com::scheduled_job::india_compliance.gst_india.doctype.purchase_reconciliation_tool.purchase_reconciliation_tool.auto_refresh_authtoken)
2025-01-22 09:10:54,842 home-mantra-mantrastage-bench:default: frappe.utils.background_jobs.execute_job(event=None, is_async=True, job_name='frappe.core.doctype.scheduled_job_type.scheduled_job_type.run_scheduled_jo..., kwargs={'job_type': 'frappe.email.doctype.email_account.email_account.pull'}, method='frappe.core.doctype.scheduled_job_type.scheduled_job_type.run_scheduled_jo..., site='mantratecerpstage.com', user='Administrator') (mantratecerpstage.com::scheduled_job::frappe.email.doctype.email_account.email_account.pull)
2025-01-22 09:10:54,959 home-mantra-mantrastage-bench:default: Job OK (mantratecerpstage.com::scheduled_job::frappe.email.doctype.email_account.email_account.pull)
2025-01-22 09:10:54,959 Result is kept for 600 seconds
2025-01-22 09:10:55,149 home-mantra-mantrastage-bench:default: Job OK (mantratecerpstage.com::scheduled_job::india_compliance.gst_india.doctype.purchase_reconciliation_tool.purchase_reconciliation_tool.auto_refresh_authtoken)
2025-01-22 09:10:55,149 Result is kept for 600 seconds
2025-01-22 09:10:57,128 Worker rq:worker:8ddc188221a64831a6a86c27e791b73b started with PID 740912, version 1.15.1
2025-01-22 09:10:57,128 Subscribing to channel rq:pubsub:8ddc188221a64831a6a86c27e791b73b
2025-01-22 09:10:57,129 *** Listening on home-mantra-mantrastage-bench:long...
2025-01-22 09:10:58,638 Worker rq:worker:62d0ab6a8c2a46a5a6b97e9759aa47f1 started with PID 740929, version 1.15.1
2025-01-22 09:10:58,638 Subscribing to channel rq:pubsub:62d0ab6a8c2a46a5a6b97e9759aa47f1
2025-01-22 09:10:58,639 *** Listening on home-mantra-mantrastage-bench:long...
2025-01-22 09:11:02,612 Worker rq:worker:6cd65a105a5c453897532a45843e8c3d started with PID 740972, version 1.15.1
2025-01-22 09:11:02,612 Subscribing to channel rq:pubsub:6cd65a105a5c453897532a45843e8c3d
2025-01-22 09:11:02,612 *** Listening on home-mantra-mantrastage-bench:long...
2025-01-22 09:11:03,662 home-mantra-mantrastage-bench:long: frappe.utils.background_jobs.execute_job(event=None, is_async=True, job_name='Repost v2k6jo45ui', kwargs={'doc': <RepostItemValuation: v2k6jo45ui docstatus=1>}, method=<function repost at 0x7cfc4ffc0540>, site='mantratecerpstage.com', user='Guest') (mantratecerpstage.com::5e00452b-3af5-4a3b-a62c-e4f768d3650a)
2025-01-22 09:11:03,662 home-mantra-mantrastage-bench:long: frappe.utils.background_jobs.execute_job(event=None, is_async=True, job_name='Delete Repost Entries v2k6jo45ui', kwargs={'doc_name': 'v2k6jo45ui'}, method=<function delete_entry_from_error_log at 0x7cfc4ffc19e0>, site='mantratecerpstage.com', user='Guest') (mantratecerpstage.com::99df9eba-fd54-4f7e-99d9-7bc815db2041)
2025-01-22 09:11:03,687 home-mantra-mantrastage-bench:long: Job OK (mantratecerpstage.com::99df9eba-fd54-4f7e-99d9-7bc815db2041)
2025-01-22 09:11:03,687 Result is kept for 600 seconds
2025-01-22 09:11:04,296 Worker rq:worker:b1c5eed70c2e4778b42706d51fd1a8cf started with PID 740994, version 1.15.1
2025-01-22 09:11:04,297 Subscribing to channel rq:pubsub:b1c5eed70c2e4778b42706d51fd1a8cf
2025-01-22 09:11:04,297 *** Listening on home-mantra-mantrastage-bench:long...
2025-01-22 09:11:05,383 Worker rq:worker:526a882b26c3446c9364a61134af3df7 started with PID 741010, version 1.15.1
2025-01-22 09:11:05,383 Subscribing to channel rq:pubsub:526a882b26c3446c9364a61134af3df7
2025-01-22 09:11:05,391 *** Listening on home-mantra-mantrastage-bench:long...
2025-01-22 09:11:14,378 Worker rq:worker:03fa7a20bf204530b8de15a9e06f990d started with PID 741105, version 1.15.1
2025-01-22 09:11:14,378 Subscribing to channel rq:pubsub:03fa7a20bf204530b8de15a9e06f990d
2025-01-22 09:11:14,379 *** Listening on home-mantra-mantrastage-bench:long...
2025-01-22 09:11:15,564 Worker rq:worker:10ce094dc9af4b018c5a0a0d6f3e7889 started with PID 741122, version 1.15.1
2025-01-22 09:11:15,564 Subscribing to channel rq:pubsub:10ce094dc9af4b018c5a0a0d6f3e7889
2025-01-22 09:11:15,565 *** Listening on home-mantra-mantrastage-bench:long...
2025-01-22 09:11:18,011 [Job mantratecerpstage.com::21e86ff4-ee8e-4c33-b15d-6af1f4409d92]: exception raised while executing (frappe.utils.background_jobs.execute_job)
Traceback (most recent call last):
  File "/home/mantra/mantrastage-bench/apps/frappe/frappe/database/database.py", line 234, in sql
    self._cursor.execute(query, values)
  File "/home/mantra/mantrastage-bench/env/lib/python3.11/site-packages/pymysql/cursors.py", line 153, in execute
    result = self._query(query)
             ^^^^^^^^^^^^^^^^^^
  File "/home/mantra/mantrastage-bench/env/lib/python3.11/site-packages/pymysql/cursors.py", line 322, in _query
    conn.query(q)
  File "/home/mantra/mantrastage-bench/env/lib/python3.11/site-packages/pymysql/connections.py", line 563, in query
    self._affected_rows = self._read_query_result(unbuffered=unbuffered)
                          ^^^^^^^^^^^^^^^^^^^^^^^^^^^^^^^^^^^^^^^^^^^^^^
  File "/home/mantra/mantrastage-bench/env/lib/python3.11/site-packages/pymysql/connections.py", line 825, in _read_query_result
    result.read()
  File "/home/mantra/mantrastage-bench/env/lib/python3.11/site-packages/pymysql/connections.py", line 1206, in read
    self._read_result_packet(first_packet)
  File "/home/mantra/mantrastage-bench/env/lib/python3.11/site-packages/pymysql/connections.py", line 1283, in _read_result_packet
    self._read_rowdata_packet()
  File "/home/mantra/mantrastage-bench/env/lib/python3.11/site-packages/pymysql/connections.py", line 1330, in _read_rowdata_packet
    packet = self.connection._read_packet()
             ^^^^^^^^^^^^^^^^^^^^^^^^^^^^^^
  File "/home/mantra/mantrastage-bench/env/lib/python3.11/site-packages/pymysql/connections.py", line 775, in _read_packet
    packet.raise_for_error()
  File "/home/mantra/mantrastage-bench/env/lib/python3.11/site-packages/pymysql/protocol.py", line 219, in raise_for_error
    err.raise_mysql_exception(self._data)
  File "/home/mantra/mantrastage-bench/env/lib/python3.11/site-packages/pymysql/err.py", line 150, in raise_mysql_exception
    raise errorclass(errno, errval)
pymysql.err.OperationalError: (1205, 'Lock wait timeout exceeded; try restarting transaction')

The above exception was the direct cause of the following exception:

Traceback (most recent call last):
  File "/home/mantra/mantrastage-bench/apps/mantra_dev/mantra_dev/backend_code/reposting2.py", line 199, in repost
    repost_sl_entries(doc)
  File "/home/mantra/mantrastage-bench/apps/mantra_dev/mantra_dev/backend_code/reposting2.py", line 381, in repost_sl_entries
    repost_future_sle(
  File "/home/mantra/mantrastage-bench/apps/erpnext/erpnext/stock/stock_ledger.py", line 263, in repost_future_sle
    obj = update_entries_after(
          ^^^^^^^^^^^^^^^^^^^^^
  File "/home/mantra/mantrastage-bench/apps/erpnext/erpnext/stock/stock_ledger.py", line 560, in __init__
    self.initialize_previous_data(self.args)
  File "/home/mantra/mantrastage-bench/apps/erpnext/erpnext/stock/stock_ledger.py", line 591, in initialize_previous_data
    previous_sle = get_previous_sle_of_current_voucher(args)
                   ^^^^^^^^^^^^^^^^^^^^^^^^^^^^^^^^^^^^^^^^^
  File "/home/mantra/mantrastage-bench/apps/erpnext/erpnext/stock/stock_ledger.py", line 1535, in get_previous_sle_of_current_voucher
    sle = frappe.db.sql(
          ^^^^^^^^^^^^^^
  File "/home/mantra/mantrastage-bench/apps/frappe/frappe/database/database.py", line 243, in sql
    raise frappe.QueryTimeoutError(e) from e
frappe.exceptions.QueryTimeoutError: (1205, 'Lock wait timeout exceeded; try restarting transaction')

During handling of the above exception, another exception occurred:

Traceback (most recent call last):
  File "/home/mantra/mantrastage-bench/env/lib/python3.11/site-packages/rq/worker.py", line 1428, in perform_job
    rv = job.perform()
         ^^^^^^^^^^^^^
  File "/home/mantra/mantrastage-bench/env/lib/python3.11/site-packages/rq/job.py", line 1278, in perform
    self._result = self._execute()
                   ^^^^^^^^^^^^^^^
  File "/home/mantra/mantrastage-bench/env/lib/python3.11/site-packages/rq/job.py", line 1315, in _execute
    result = self.func(*self.args, **self.kwargs)
             ^^^^^^^^^^^^^^^^^^^^^^^^^^^^^^^^^^^^
  File "/home/mantra/mantrastage-bench/apps/frappe/frappe/utils/background_jobs.py", line 220, in execute_job
    retval = method(**kwargs)
             ^^^^^^^^^^^^^^^^
  File "/home/mantra/mantrastage-bench/apps/frappe/frappe/utils/typing_validations.py", line 31, in wrapper
    return func(*args, **kwargs)
           ^^^^^^^^^^^^^^^^^^^^^
  File "/home/mantra/mantrastage-bench/apps/mantra_dev/mantra_dev/backend_code/reposting2.py", line 229, in repost
    message = "{} <br><br> {}".format(message,str(traceback.format_exc()))
                                                  ^^^^^^^^^^^^^^^^^^^^
AttributeError: 'str' object has no attribute 'format_exc'

2025-01-22 09:11:19,363 [Job mantratecerpstage.com::9079ad60-45ec-4315-b92f-01664d98f331]: exception raised while executing (frappe.utils.background_jobs.execute_job)
Traceback (most recent call last):
  File "/home/mantra/mantrastage-bench/apps/frappe/frappe/database/database.py", line 234, in sql
    self._cursor.execute(query, values)
  File "/home/mantra/mantrastage-bench/env/lib/python3.11/site-packages/pymysql/cursors.py", line 153, in execute
    result = self._query(query)
             ^^^^^^^^^^^^^^^^^^
  File "/home/mantra/mantrastage-bench/env/lib/python3.11/site-packages/pymysql/cursors.py", line 322, in _query
    conn.query(q)
  File "/home/mantra/mantrastage-bench/env/lib/python3.11/site-packages/pymysql/connections.py", line 563, in query
    self._affected_rows = self._read_query_result(unbuffered=unbuffered)
                          ^^^^^^^^^^^^^^^^^^^^^^^^^^^^^^^^^^^^^^^^^^^^^^
  File "/home/mantra/mantrastage-bench/env/lib/python3.11/site-packages/pymysql/connections.py", line 825, in _read_query_result
    result.read()
  File "/home/mantra/mantrastage-bench/env/lib/python3.11/site-packages/pymysql/connections.py", line 1206, in read
    self._read_result_packet(first_packet)
  File "/home/mantra/mantrastage-bench/env/lib/python3.11/site-packages/pymysql/connections.py", line 1283, in _read_result_packet
    self._read_rowdata_packet()
  File "/home/mantra/mantrastage-bench/env/lib/python3.11/site-packages/pymysql/connections.py", line 1330, in _read_rowdata_packet
    packet = self.connection._read_packet()
             ^^^^^^^^^^^^^^^^^^^^^^^^^^^^^^
  File "/home/mantra/mantrastage-bench/env/lib/python3.11/site-packages/pymysql/connections.py", line 775, in _read_packet
    packet.raise_for_error()
  File "/home/mantra/mantrastage-bench/env/lib/python3.11/site-packages/pymysql/protocol.py", line 219, in raise_for_error
    err.raise_mysql_exception(self._data)
  File "/home/mantra/mantrastage-bench/env/lib/python3.11/site-packages/pymysql/err.py", line 150, in raise_mysql_exception
    raise errorclass(errno, errval)
pymysql.err.OperationalError: (1205, 'Lock wait timeout exceeded; try restarting transaction')

The above exception was the direct cause of the following exception:

Traceback (most recent call last):
  File "/home/mantra/mantrastage-bench/apps/mantra_dev/mantra_dev/backend_code/reposting2.py", line 199, in repost
    repost_sl_entries(doc)
  File "/home/mantra/mantrastage-bench/apps/mantra_dev/mantra_dev/backend_code/reposting2.py", line 381, in repost_sl_entries
    repost_future_sle(
  File "/home/mantra/mantrastage-bench/apps/erpnext/erpnext/stock/stock_ledger.py", line 263, in repost_future_sle
    obj = update_entries_after(
          ^^^^^^^^^^^^^^^^^^^^^
  File "/home/mantra/mantrastage-bench/apps/erpnext/erpnext/stock/stock_ledger.py", line 560, in __init__
    self.initialize_previous_data(self.args)
  File "/home/mantra/mantrastage-bench/apps/erpnext/erpnext/stock/stock_ledger.py", line 591, in initialize_previous_data
    previous_sle = get_previous_sle_of_current_voucher(args)
                   ^^^^^^^^^^^^^^^^^^^^^^^^^^^^^^^^^^^^^^^^^
  File "/home/mantra/mantrastage-bench/apps/erpnext/erpnext/stock/stock_ledger.py", line 1535, in get_previous_sle_of_current_voucher
    sle = frappe.db.sql(
          ^^^^^^^^^^^^^^
  File "/home/mantra/mantrastage-bench/apps/frappe/frappe/database/database.py", line 243, in sql
    raise frappe.QueryTimeoutError(e) from e
frappe.exceptions.QueryTimeoutError: (1205, 'Lock wait timeout exceeded; try restarting transaction')

During handling of the above exception, another exception occurred:

Traceback (most recent call last):
  File "/home/mantra/mantrastage-bench/env/lib/python3.11/site-packages/rq/worker.py", line 1428, in perform_job
    rv = job.perform()
         ^^^^^^^^^^^^^
  File "/home/mantra/mantrastage-bench/env/lib/python3.11/site-packages/rq/job.py", line 1278, in perform
    self._result = self._execute()
                   ^^^^^^^^^^^^^^^
  File "/home/mantra/mantrastage-bench/env/lib/python3.11/site-packages/rq/job.py", line 1315, in _execute
    result = self.func(*self.args, **self.kwargs)
             ^^^^^^^^^^^^^^^^^^^^^^^^^^^^^^^^^^^^
  File "/home/mantra/mantrastage-bench/apps/frappe/frappe/utils/background_jobs.py", line 220, in execute_job
    retval = method(**kwargs)
             ^^^^^^^^^^^^^^^^
  File "/home/mantra/mantrastage-bench/apps/frappe/frappe/utils/typing_validations.py", line 31, in wrapper
    return func(*args, **kwargs)
           ^^^^^^^^^^^^^^^^^^^^^
  File "/home/mantra/mantrastage-bench/apps/mantra_dev/mantra_dev/backend_code/reposting2.py", line 229, in repost
    message = "{} <br><br> {}".format(message,str(traceback.format_exc()))
                                                  ^^^^^^^^^^^^^^^^^^^^
AttributeError: 'str' object has no attribute 'format_exc'

2025-01-22 09:11:20,453 [Job mantratecerpstage.com::27a61e8a-c289-461b-b7b1-9a8e8bade160]: exception raised while executing (frappe.utils.background_jobs.execute_job)
Traceback (most recent call last):
  File "/home/mantra/mantrastage-bench/apps/frappe/frappe/database/database.py", line 234, in sql
    self._cursor.execute(query, values)
  File "/home/mantra/mantrastage-bench/env/lib/python3.11/site-packages/pymysql/cursors.py", line 153, in execute
    result = self._query(query)
             ^^^^^^^^^^^^^^^^^^
  File "/home/mantra/mantrastage-bench/env/lib/python3.11/site-packages/pymysql/cursors.py", line 322, in _query
    conn.query(q)
  File "/home/mantra/mantrastage-bench/env/lib/python3.11/site-packages/pymysql/connections.py", line 563, in query
    self._affected_rows = self._read_query_result(unbuffered=unbuffered)
                          ^^^^^^^^^^^^^^^^^^^^^^^^^^^^^^^^^^^^^^^^^^^^^^
  File "/home/mantra/mantrastage-bench/env/lib/python3.11/site-packages/pymysql/connections.py", line 825, in _read_query_result
    result.read()
  File "/home/mantra/mantrastage-bench/env/lib/python3.11/site-packages/pymysql/connections.py", line 1206, in read
    self._read_result_packet(first_packet)
  File "/home/mantra/mantrastage-bench/env/lib/python3.11/site-packages/pymysql/connections.py", line 1283, in _read_result_packet
    self._read_rowdata_packet()
  File "/home/mantra/mantrastage-bench/env/lib/python3.11/site-packages/pymysql/connections.py", line 1330, in _read_rowdata_packet
    packet = self.connection._read_packet()
             ^^^^^^^^^^^^^^^^^^^^^^^^^^^^^^
  File "/home/mantra/mantrastage-bench/env/lib/python3.11/site-packages/pymysql/connections.py", line 775, in _read_packet
    packet.raise_for_error()
  File "/home/mantra/mantrastage-bench/env/lib/python3.11/site-packages/pymysql/protocol.py", line 219, in raise_for_error
    err.raise_mysql_exception(self._data)
  File "/home/mantra/mantrastage-bench/env/lib/python3.11/site-packages/pymysql/err.py", line 150, in raise_mysql_exception
    raise errorclass(errno, errval)
pymysql.err.OperationalError: (1205, 'Lock wait timeout exceeded; try restarting transaction')

The above exception was the direct cause of the following exception:

Traceback (most recent call last):
  File "/home/mantra/mantrastage-bench/apps/mantra_dev/mantra_dev/backend_code/reposting2.py", line 199, in repost
    repost_sl_entries(doc)
  File "/home/mantra/mantrastage-bench/apps/mantra_dev/mantra_dev/backend_code/reposting2.py", line 381, in repost_sl_entries
    repost_future_sle(
  File "/home/mantra/mantrastage-bench/apps/erpnext/erpnext/stock/stock_ledger.py", line 263, in repost_future_sle
    obj = update_entries_after(
          ^^^^^^^^^^^^^^^^^^^^^
  File "/home/mantra/mantrastage-bench/apps/erpnext/erpnext/stock/stock_ledger.py", line 560, in __init__
    self.initialize_previous_data(self.args)
  File "/home/mantra/mantrastage-bench/apps/erpnext/erpnext/stock/stock_ledger.py", line 591, in initialize_previous_data
    previous_sle = get_previous_sle_of_current_voucher(args)
                   ^^^^^^^^^^^^^^^^^^^^^^^^^^^^^^^^^^^^^^^^^
  File "/home/mantra/mantrastage-bench/apps/erpnext/erpnext/stock/stock_ledger.py", line 1535, in get_previous_sle_of_current_voucher
    sle = frappe.db.sql(
          ^^^^^^^^^^^^^^
  File "/home/mantra/mantrastage-bench/apps/frappe/frappe/database/database.py", line 243, in sql
    raise frappe.QueryTimeoutError(e) from e
frappe.exceptions.QueryTimeoutError: (1205, 'Lock wait timeout exceeded; try restarting transaction')

During handling of the above exception, another exception occurred:

Traceback (most recent call last):
  File "/home/mantra/mantrastage-bench/env/lib/python3.11/site-packages/rq/worker.py", line 1428, in perform_job
    rv = job.perform()
         ^^^^^^^^^^^^^
  File "/home/mantra/mantrastage-bench/env/lib/python3.11/site-packages/rq/job.py", line 1278, in perform
    self._result = self._execute()
                   ^^^^^^^^^^^^^^^
  File "/home/mantra/mantrastage-bench/env/lib/python3.11/site-packages/rq/job.py", line 1315, in _execute
    result = self.func(*self.args, **self.kwargs)
             ^^^^^^^^^^^^^^^^^^^^^^^^^^^^^^^^^^^^
  File "/home/mantra/mantrastage-bench/apps/frappe/frappe/utils/background_jobs.py", line 220, in execute_job
    retval = method(**kwargs)
             ^^^^^^^^^^^^^^^^
  File "/home/mantra/mantrastage-bench/apps/frappe/frappe/utils/typing_validations.py", line 31, in wrapper
    return func(*args, **kwargs)
           ^^^^^^^^^^^^^^^^^^^^^
  File "/home/mantra/mantrastage-bench/apps/mantra_dev/mantra_dev/backend_code/reposting2.py", line 229, in repost
    message = "{} <br><br> {}".format(message,str(traceback.format_exc()))
                                                  ^^^^^^^^^^^^^^^^^^^^
AttributeError: 'str' object has no attribute 'format_exc'

2025-01-22 09:11:21,352 [Job mantratecerpstage.com::da5e5c8a-d78b-45af-93e4-1ae91eb8bbc3]: exception raised while executing (frappe.utils.background_jobs.execute_job)
Traceback (most recent call last):
  File "/home/mantra/mantrastage-bench/apps/frappe/frappe/database/database.py", line 234, in sql
    self._cursor.execute(query, values)
  File "/home/mantra/mantrastage-bench/env/lib/python3.11/site-packages/pymysql/cursors.py", line 153, in execute
    result = self._query(query)
             ^^^^^^^^^^^^^^^^^^
  File "/home/mantra/mantrastage-bench/env/lib/python3.11/site-packages/pymysql/cursors.py", line 322, in _query
    conn.query(q)
  File "/home/mantra/mantrastage-bench/env/lib/python3.11/site-packages/pymysql/connections.py", line 563, in query
    self._affected_rows = self._read_query_result(unbuffered=unbuffered)
                          ^^^^^^^^^^^^^^^^^^^^^^^^^^^^^^^^^^^^^^^^^^^^^^
  File "/home/mantra/mantrastage-bench/env/lib/python3.11/site-packages/pymysql/connections.py", line 825, in _read_query_result
    result.read()
  File "/home/mantra/mantrastage-bench/env/lib/python3.11/site-packages/pymysql/connections.py", line 1206, in read
    self._read_result_packet(first_packet)
  File "/home/mantra/mantrastage-bench/env/lib/python3.11/site-packages/pymysql/connections.py", line 1283, in _read_result_packet
    self._read_rowdata_packet()
  File "/home/mantra/mantrastage-bench/env/lib/python3.11/site-packages/pymysql/connections.py", line 1330, in _read_rowdata_packet
    packet = self.connection._read_packet()
             ^^^^^^^^^^^^^^^^^^^^^^^^^^^^^^
  File "/home/mantra/mantrastage-bench/env/lib/python3.11/site-packages/pymysql/connections.py", line 775, in _read_packet
    packet.raise_for_error()
  File "/home/mantra/mantrastage-bench/env/lib/python3.11/site-packages/pymysql/protocol.py", line 219, in raise_for_error
    err.raise_mysql_exception(self._data)
  File "/home/mantra/mantrastage-bench/env/lib/python3.11/site-packages/pymysql/err.py", line 150, in raise_mysql_exception
    raise errorclass(errno, errval)
pymysql.err.OperationalError: (1205, 'Lock wait timeout exceeded; try restarting transaction')

The above exception was the direct cause of the following exception:

Traceback (most recent call last):
  File "/home/mantra/mantrastage-bench/apps/mantra_dev/mantra_dev/backend_code/reposting2.py", line 199, in repost
    repost_sl_entries(doc)
  File "/home/mantra/mantrastage-bench/apps/mantra_dev/mantra_dev/backend_code/reposting2.py", line 381, in repost_sl_entries
    repost_future_sle(
  File "/home/mantra/mantrastage-bench/apps/erpnext/erpnext/stock/stock_ledger.py", line 263, in repost_future_sle
    obj = update_entries_after(
          ^^^^^^^^^^^^^^^^^^^^^
  File "/home/mantra/mantrastage-bench/apps/erpnext/erpnext/stock/stock_ledger.py", line 560, in __init__
    self.initialize_previous_data(self.args)
  File "/home/mantra/mantrastage-bench/apps/erpnext/erpnext/stock/stock_ledger.py", line 591, in initialize_previous_data
    previous_sle = get_previous_sle_of_current_voucher(args)
                   ^^^^^^^^^^^^^^^^^^^^^^^^^^^^^^^^^^^^^^^^^
  File "/home/mantra/mantrastage-bench/apps/erpnext/erpnext/stock/stock_ledger.py", line 1535, in get_previous_sle_of_current_voucher
    sle = frappe.db.sql(
          ^^^^^^^^^^^^^^
  File "/home/mantra/mantrastage-bench/apps/frappe/frappe/database/database.py", line 243, in sql
    raise frappe.QueryTimeoutError(e) from e
frappe.exceptions.QueryTimeoutError: (1205, 'Lock wait timeout exceeded; try restarting transaction')

During handling of the above exception, another exception occurred:

Traceback (most recent call last):
  File "/home/mantra/mantrastage-bench/env/lib/python3.11/site-packages/rq/worker.py", line 1428, in perform_job
    rv = job.perform()
         ^^^^^^^^^^^^^
  File "/home/mantra/mantrastage-bench/env/lib/python3.11/site-packages/rq/job.py", line 1278, in perform
    self._result = self._execute()
                   ^^^^^^^^^^^^^^^
  File "/home/mantra/mantrastage-bench/env/lib/python3.11/site-packages/rq/job.py", line 1315, in _execute
    result = self.func(*self.args, **self.kwargs)
             ^^^^^^^^^^^^^^^^^^^^^^^^^^^^^^^^^^^^
  File "/home/mantra/mantrastage-bench/apps/frappe/frappe/utils/background_jobs.py", line 220, in execute_job
    retval = method(**kwargs)
             ^^^^^^^^^^^^^^^^
  File "/home/mantra/mantrastage-bench/apps/frappe/frappe/utils/typing_validations.py", line 31, in wrapper
    return func(*args, **kwargs)
           ^^^^^^^^^^^^^^^^^^^^^
  File "/home/mantra/mantrastage-bench/apps/mantra_dev/mantra_dev/backend_code/reposting2.py", line 229, in repost
    message = "{} <br><br> {}".format(message,str(traceback.format_exc()))
                                                  ^^^^^^^^^^^^^^^^^^^^
AttributeError: 'str' object has no attribute 'format_exc'

2025-01-22 09:11:22,236 [Job mantratecerpstage.com::5bf0ac56-1f2c-4013-badb-334d4ba61c5d]: exception raised while executing (frappe.utils.background_jobs.execute_job)
Traceback (most recent call last):
  File "/home/mantra/mantrastage-bench/apps/frappe/frappe/database/database.py", line 234, in sql
    self._cursor.execute(query, values)
  File "/home/mantra/mantrastage-bench/env/lib/python3.11/site-packages/pymysql/cursors.py", line 153, in execute
    result = self._query(query)
             ^^^^^^^^^^^^^^^^^^
  File "/home/mantra/mantrastage-bench/env/lib/python3.11/site-packages/pymysql/cursors.py", line 322, in _query
    conn.query(q)
  File "/home/mantra/mantrastage-bench/env/lib/python3.11/site-packages/pymysql/connections.py", line 563, in query
    self._affected_rows = self._read_query_result(unbuffered=unbuffered)
                          ^^^^^^^^^^^^^^^^^^^^^^^^^^^^^^^^^^^^^^^^^^^^^^
  File "/home/mantra/mantrastage-bench/env/lib/python3.11/site-packages/pymysql/connections.py", line 825, in _read_query_result
    result.read()
  File "/home/mantra/mantrastage-bench/env/lib/python3.11/site-packages/pymysql/connections.py", line 1206, in read
    self._read_result_packet(first_packet)
  File "/home/mantra/mantrastage-bench/env/lib/python3.11/site-packages/pymysql/connections.py", line 1283, in _read_result_packet
    self._read_rowdata_packet()
  File "/home/mantra/mantrastage-bench/env/lib/python3.11/site-packages/pymysql/connections.py", line 1330, in _read_rowdata_packet
    packet = self.connection._read_packet()
             ^^^^^^^^^^^^^^^^^^^^^^^^^^^^^^
  File "/home/mantra/mantrastage-bench/env/lib/python3.11/site-packages/pymysql/connections.py", line 775, in _read_packet
    packet.raise_for_error()
  File "/home/mantra/mantrastage-bench/env/lib/python3.11/site-packages/pymysql/protocol.py", line 219, in raise_for_error
    err.raise_mysql_exception(self._data)
  File "/home/mantra/mantrastage-bench/env/lib/python3.11/site-packages/pymysql/err.py", line 150, in raise_mysql_exception
    raise errorclass(errno, errval)
pymysql.err.OperationalError: (1205, 'Lock wait timeout exceeded; try restarting transaction')

The above exception was the direct cause of the following exception:

Traceback (most recent call last):
  File "/home/mantra/mantrastage-bench/apps/mantra_dev/mantra_dev/backend_code/reposting2.py", line 199, in repost
    repost_sl_entries(doc)
  File "/home/mantra/mantrastage-bench/apps/mantra_dev/mantra_dev/backend_code/reposting2.py", line 381, in repost_sl_entries
    repost_future_sle(
  File "/home/mantra/mantrastage-bench/apps/erpnext/erpnext/stock/stock_ledger.py", line 263, in repost_future_sle
    obj = update_entries_after(
          ^^^^^^^^^^^^^^^^^^^^^
  File "/home/mantra/mantrastage-bench/apps/erpnext/erpnext/stock/stock_ledger.py", line 560, in __init__
    self.initialize_previous_data(self.args)
  File "/home/mantra/mantrastage-bench/apps/erpnext/erpnext/stock/stock_ledger.py", line 591, in initialize_previous_data
    previous_sle = get_previous_sle_of_current_voucher(args)
                   ^^^^^^^^^^^^^^^^^^^^^^^^^^^^^^^^^^^^^^^^^
  File "/home/mantra/mantrastage-bench/apps/erpnext/erpnext/stock/stock_ledger.py", line 1535, in get_previous_sle_of_current_voucher
    sle = frappe.db.sql(
          ^^^^^^^^^^^^^^
  File "/home/mantra/mantrastage-bench/apps/frappe/frappe/database/database.py", line 243, in sql
    raise frappe.QueryTimeoutError(e) from e
frappe.exceptions.QueryTimeoutError: (1205, 'Lock wait timeout exceeded; try restarting transaction')

During handling of the above exception, another exception occurred:

Traceback (most recent call last):
  File "/home/mantra/mantrastage-bench/env/lib/python3.11/site-packages/rq/worker.py", line 1428, in perform_job
    rv = job.perform()
         ^^^^^^^^^^^^^
  File "/home/mantra/mantrastage-bench/env/lib/python3.11/site-packages/rq/job.py", line 1278, in perform
    self._result = self._execute()
                   ^^^^^^^^^^^^^^^
  File "/home/mantra/mantrastage-bench/env/lib/python3.11/site-packages/rq/job.py", line 1315, in _execute
    result = self.func(*self.args, **self.kwargs)
             ^^^^^^^^^^^^^^^^^^^^^^^^^^^^^^^^^^^^
  File "/home/mantra/mantrastage-bench/apps/frappe/frappe/utils/background_jobs.py", line 220, in execute_job
    retval = method(**kwargs)
             ^^^^^^^^^^^^^^^^
  File "/home/mantra/mantrastage-bench/apps/frappe/frappe/utils/typing_validations.py", line 31, in wrapper
    return func(*args, **kwargs)
           ^^^^^^^^^^^^^^^^^^^^^
  File "/home/mantra/mantrastage-bench/apps/mantra_dev/mantra_dev/backend_code/reposting2.py", line 229, in repost
    message = "{} <br><br> {}".format(message,str(traceback.format_exc()))
                                                  ^^^^^^^^^^^^^^^^^^^^
AttributeError: 'str' object has no attribute 'format_exc'

2025-01-22 09:11:53,843 [Job mantratecerpstage.com::5e00452b-3af5-4a3b-a62c-e4f768d3650a]: exception raised while executing (frappe.utils.background_jobs.execute_job)
Traceback (most recent call last):
  File "/home/mantra/mantrastage-bench/apps/frappe/frappe/database/database.py", line 234, in sql
    self._cursor.execute(query, values)
  File "/home/mantra/mantrastage-bench/env/lib/python3.11/site-packages/pymysql/cursors.py", line 153, in execute
    result = self._query(query)
             ^^^^^^^^^^^^^^^^^^
  File "/home/mantra/mantrastage-bench/env/lib/python3.11/site-packages/pymysql/cursors.py", line 322, in _query
    conn.query(q)
  File "/home/mantra/mantrastage-bench/env/lib/python3.11/site-packages/pymysql/connections.py", line 563, in query
    self._affected_rows = self._read_query_result(unbuffered=unbuffered)
                          ^^^^^^^^^^^^^^^^^^^^^^^^^^^^^^^^^^^^^^^^^^^^^^
  File "/home/mantra/mantrastage-bench/env/lib/python3.11/site-packages/pymysql/connections.py", line 825, in _read_query_result
    result.read()
  File "/home/mantra/mantrastage-bench/env/lib/python3.11/site-packages/pymysql/connections.py", line 1206, in read
    self._read_result_packet(first_packet)
  File "/home/mantra/mantrastage-bench/env/lib/python3.11/site-packages/pymysql/connections.py", line 1283, in _read_result_packet
    self._read_rowdata_packet()
  File "/home/mantra/mantrastage-bench/env/lib/python3.11/site-packages/pymysql/connections.py", line 1330, in _read_rowdata_packet
    packet = self.connection._read_packet()
             ^^^^^^^^^^^^^^^^^^^^^^^^^^^^^^
  File "/home/mantra/mantrastage-bench/env/lib/python3.11/site-packages/pymysql/connections.py", line 775, in _read_packet
    packet.raise_for_error()
  File "/home/mantra/mantrastage-bench/env/lib/python3.11/site-packages/pymysql/protocol.py", line 219, in raise_for_error
    err.raise_mysql_exception(self._data)
  File "/home/mantra/mantrastage-bench/env/lib/python3.11/site-packages/pymysql/err.py", line 150, in raise_mysql_exception
    raise errorclass(errno, errval)
pymysql.err.OperationalError: (1205, 'Lock wait timeout exceeded; try restarting transaction')

The above exception was the direct cause of the following exception:

Traceback (most recent call last):
  File "/home/mantra/mantrastage-bench/apps/mantra_dev/mantra_dev/backend_code/reposting2.py", line 199, in repost
    repost_sl_entries(doc)
  File "/home/mantra/mantrastage-bench/apps/mantra_dev/mantra_dev/backend_code/reposting2.py", line 381, in repost_sl_entries
    repost_future_sle(
  File "/home/mantra/mantrastage-bench/apps/erpnext/erpnext/stock/stock_ledger.py", line 263, in repost_future_sle
    obj = update_entries_after(
          ^^^^^^^^^^^^^^^^^^^^^
  File "/home/mantra/mantrastage-bench/apps/erpnext/erpnext/stock/stock_ledger.py", line 560, in __init__
    self.initialize_previous_data(self.args)
  File "/home/mantra/mantrastage-bench/apps/erpnext/erpnext/stock/stock_ledger.py", line 591, in initialize_previous_data
    previous_sle = get_previous_sle_of_current_voucher(args)
                   ^^^^^^^^^^^^^^^^^^^^^^^^^^^^^^^^^^^^^^^^^
  File "/home/mantra/mantrastage-bench/apps/erpnext/erpnext/stock/stock_ledger.py", line 1535, in get_previous_sle_of_current_voucher
    sle = frappe.db.sql(
          ^^^^^^^^^^^^^^
  File "/home/mantra/mantrastage-bench/apps/frappe/frappe/database/database.py", line 243, in sql
    raise frappe.QueryTimeoutError(e) from e
frappe.exceptions.QueryTimeoutError: (1205, 'Lock wait timeout exceeded; try restarting transaction')

During handling of the above exception, another exception occurred:

Traceback (most recent call last):
  File "/home/mantra/mantrastage-bench/env/lib/python3.11/site-packages/rq/worker.py", line 1428, in perform_job
    rv = job.perform()
         ^^^^^^^^^^^^^
  File "/home/mantra/mantrastage-bench/env/lib/python3.11/site-packages/rq/job.py", line 1278, in perform
    self._result = self._execute()
                   ^^^^^^^^^^^^^^^
  File "/home/mantra/mantrastage-bench/env/lib/python3.11/site-packages/rq/job.py", line 1315, in _execute
    result = self.func(*self.args, **self.kwargs)
             ^^^^^^^^^^^^^^^^^^^^^^^^^^^^^^^^^^^^
  File "/home/mantra/mantrastage-bench/apps/frappe/frappe/utils/background_jobs.py", line 220, in execute_job
    retval = method(**kwargs)
             ^^^^^^^^^^^^^^^^
  File "/home/mantra/mantrastage-bench/apps/frappe/frappe/utils/typing_validations.py", line 31, in wrapper
    return func(*args, **kwargs)
           ^^^^^^^^^^^^^^^^^^^^^
  File "/home/mantra/mantrastage-bench/apps/mantra_dev/mantra_dev/backend_code/reposting2.py", line 229, in repost
    message = "{} <br><br> {}".format(message,str(traceback.format_exc()))
                                                  ^^^^^^^^^^^^^^^^^^^^
AttributeError: 'str' object has no attribute 'format_exc'

2025-01-22 09:12:55,054 home-mantra-mantrastage-bench:default: frappe.utils.background_jobs.execute_job(event=None, is_async=True, job_name='frappe.core.doctype.scheduled_job_type.scheduled_job_type.run_scheduled_jo..., kwargs={'job_type': 'frappe.email.queue.flush'}, method='frappe.core.doctype.scheduled_job_type.scheduled_job_type.run_scheduled_jo..., site='mantratecerpstage.com', user='Administrator') (mantratecerpstage.com::scheduled_job::frappe.email.queue.flush)
2025-01-22 09:12:55,055 home-mantra-mantrastage-bench:default: frappe.utils.background_jobs.execute_job(event=None, is_async=True, job_name='frappe.core.doctype.scheduled_job_type.scheduled_job_type.run_scheduled_jo..., kwargs={'job_type': 'frappe.automation.doctype.reminder.reminder.send_reminders'}, method='frappe.core.doctype.scheduled_job_type.scheduled_job_type.run_scheduled_jo..., site='mantratecerpstage.com', user='Administrator') (mantratecerpstage.com::scheduled_job::frappe.automation.doctype.reminder.reminder.send_reminders)
2025-01-22 09:12:55,057 home-mantra-mantrastage-bench:default: frappe.utils.background_jobs.execute_job(event=None, is_async=True, job_name='frappe.core.doctype.scheduled_job_type.scheduled_job_type.run_scheduled_jo..., kwargs={'job_type': 'hrms.hr.doctype.interview.interview.send_interview_reminder'}, method='frappe.core.doctype.scheduled_job_type.scheduled_job_type.run_scheduled_jo..., site='mantratecerpstage.com', user='Administrator') (mantratecerpstage.com::scheduled_job::hrms.hr.doctype.interview.interview.send_interview_reminder)
2025-01-22 09:12:55,058 home-mantra-mantrastage-bench:default: frappe.utils.background_jobs.execute_job(event=None, is_async=True, job_name='frappe.core.doctype.scheduled_job_type.scheduled_job_type.run_scheduled_jo..., kwargs={'job_type': 'frappe.monitor.flush'}, method='frappe.core.doctype.scheduled_job_type.scheduled_job_type.run_scheduled_jo..., site='mantratecerpstage.com', user='Administrator') (mantratecerpstage.com::scheduled_job::frappe.monitor.flush)
2025-01-22 09:12:55,060 home-mantra-mantrastage-bench:default: frappe.utils.background_jobs.execute_job(event=None, is_async=True, job_name='frappe.core.doctype.scheduled_job_type.scheduled_job_type.run_scheduled_jo..., kwargs={'job_type': 'public_file_all'}, method='frappe.core.doctype.scheduled_job_type.scheduled_job_type.run_scheduled_jo..., site='mantratecerpstage.com', user='Administrator') (mantratecerpstage.com::scheduled_job::public_file_all)
2025-01-22 09:12:55,103 home-mantra-mantrastage-bench:default: Job OK (mantratecerpstage.com::scheduled_job::frappe.monitor.flush)
2025-01-22 09:12:55,103 Result is kept for 600 seconds
2025-01-22 09:12:55,104 home-mantra-mantrastage-bench:default: Job OK (mantratecerpstage.com::scheduled_job::frappe.automation.doctype.reminder.reminder.send_reminders)
2025-01-22 09:12:55,104 home-mantra-mantrastage-bench:default: Job OK (mantratecerpstage.com::scheduled_job::hrms.hr.doctype.interview.interview.send_interview_reminder)
2025-01-22 09:12:55,104 Result is kept for 600 seconds
2025-01-22 09:12:55,104 Result is kept for 600 seconds
2025-01-22 09:12:55,201 home-mantra-mantrastage-bench:default: Job OK (mantratecerpstage.com::scheduled_job::frappe.email.queue.flush)
2025-01-22 09:12:55,202 Result is kept for 600 seconds
2025-01-22 09:12:55,245 home-mantra-mantrastage-bench:default: Job OK (mantratecerpstage.com::scheduled_job::public_file_all)
2025-01-22 09:12:55,245 Result is kept for 600 seconds
2025-01-22 09:15:55,404 home-mantra-mantrastage-bench:default: frappe.utils.background_jobs.execute_job(event=None, is_async=True, job_name='frappe.core.doctype.scheduled_job_type.scheduled_job_type.run_scheduled_jo..., kwargs={'job_type': 'mantra_dev.api_code.banck_transaction.get_icici_bank_file'}, method='frappe.core.doctype.scheduled_job_type.scheduled_job_type.run_scheduled_jo..., site='mantratecerpstage.com', user='Administrator') (mantratecerpstage.com::scheduled_job::mantra_dev.api_code.banck_transaction.get_icici_bank_file)
2025-01-22 09:15:55,407 home-mantra-mantrastage-bench:default: frappe.utils.background_jobs.execute_job(event=None, is_async=True, job_name='frappe.core.doctype.scheduled_job_type.scheduled_job_type.run_scheduled_jo..., kwargs={'job_type': 'india_compliance.gst_india.utils.e_invoice.retry_e_invoice_e_..., method='frappe.core.doctype.scheduled_job_type.scheduled_job_type.run_scheduled_jo..., site='mantratecerpstage.com', user='Administrator') (mantratecerpstage.com::scheduled_job::india_compliance.gst_india.utils.e_invoice.retry_e_invoice_e_waybill_generation)
2025-01-22 09:15:55,411 home-mantra-mantrastage-bench:default: frappe.utils.background_jobs.execute_job(event=None, is_async=True, job_name='frappe.core.doctype.scheduled_job_type.scheduled_job_type.run_scheduled_jo..., kwargs={'job_type': 'frappe.oauth.delete_oauth2_data'}, method='frappe.core.doctype.scheduled_job_type.scheduled_job_type.run_scheduled_jo..., site='mantratecerpstage.com', user='Administrator') (mantratecerpstage.com::scheduled_job::frappe.oauth.delete_oauth2_data)
2025-01-22 09:15:55,411 home-mantra-mantrastage-bench:default: frappe.utils.background_jobs.execute_job(event=None, is_async=True, job_name='frappe.core.doctype.scheduled_job_type.scheduled_job_type.run_scheduled_jo..., kwargs={'job_type': 'frappe.website.doctype.web_page.web_page.check_publish_status..., method='frappe.core.doctype.scheduled_job_type.scheduled_job_type.run_scheduled_jo..., site='mantratecerpstage.com', user='Administrator') (mantratecerpstage.com::scheduled_job::frappe.website.doctype.web_page.web_page.check_publish_status)
2025-01-22 09:15:55,413 home-mantra-mantrastage-bench:default: frappe.utils.background_jobs.execute_job(event=None, is_async=True, job_name='frappe.core.doctype.scheduled_job_type.scheduled_job_type.run_scheduled_jo..., kwargs={'job_type': 'frappe.twofactor.delete_all_barcodes_for_users'}, method='frappe.core.doctype.scheduled_job_type.scheduled_job_type.run_scheduled_jo..., site='mantratecerpstage.com', user='Administrator') (mantratecerpstage.com::scheduled_job::frappe.twofactor.delete_all_barcodes_for_users)
2025-01-22 09:15:55,451 home-mantra-mantrastage-bench:default: frappe.utils.background_jobs.execute_job(event=None, is_async=True, job_name='frappe.core.doctype.scheduled_job_type.scheduled_job_type.run_scheduled_jo..., kwargs={'job_type': 'erpnext.manufacturing.doctype.bom_update_log.bom_update_log.r..., method='frappe.core.doctype.scheduled_job_type.scheduled_job_type.run_scheduled_jo..., site='mantratecerpstage.com', user='Administrator') (mantratecerpstage.com::scheduled_job::erpnext.manufacturing.doctype.bom_update_log.bom_update_log.resume_bom_cost_update_jobs)
2025-01-22 09:15:55,453 home-mantra-mantrastage-bench:default: frappe.utils.background_jobs.execute_job(event=None, is_async=True, job_name='frappe.core.doctype.scheduled_job_type.scheduled_job_type.run_scheduled_jo..., kwargs={'job_type': 'erpnext.accounts.doctype.process_payment_reconciliation.proce..., method='frappe.core.doctype.scheduled_job_type.scheduled_job_type.run_scheduled_jo..., site='mantratecerpstage.com', user='Administrator') (mantratecerpstage.com::scheduled_job::erpnext.accounts.doctype.process_payment_reconciliation.process_payment_reconciliation.trigger_reconciliation_for_queued_docs)
2025-01-22 09:15:55,530 home-mantra-mantrastage-bench:default: Job OK (mantratecerpstage.com::scheduled_job::frappe.oauth.delete_oauth2_data)
2025-01-22 09:15:55,530 Result is kept for 600 seconds
2025-01-22 09:15:55,538 home-mantra-mantrastage-bench:default: frappe.utils.background_jobs.execute_job(event=None, is_async=True, job_name='frappe.core.doctype.scheduled_job_type.scheduled_job_type.run_scheduled_jo..., kwargs={'job_type': 'frappe.deferred_insert.save_to_db'}, method='frappe.core.doctype.scheduled_job_type.scheduled_job_type.run_scheduled_jo..., site='mantratecerpstage.com', user='Administrator') (mantratecerpstage.com::scheduled_job::frappe.deferred_insert.save_to_db)
2025-01-22 09:15:55,540 home-mantra-mantrastage-bench:default: frappe.utils.background_jobs.execute_job(event=None, is_async=True, job_name='frappe.core.doctype.scheduled_job_type.scheduled_job_type.run_scheduled_jo..., kwargs={'job_type': 'frappe.utils.global_search.sync_global_search'}, method='frappe.core.doctype.scheduled_job_type.scheduled_job_type.run_scheduled_jo..., site='mantratecerpstage.com', user='Administrator') (mantratecerpstage.com::scheduled_job::frappe.utils.global_search.sync_global_search)
2025-01-22 09:15:55,542 home-mantra-mantrastage-bench:default: frappe.utils.background_jobs.execute_job(event=None, is_async=True, job_name='frappe.core.doctype.scheduled_job_type.scheduled_job_type.run_scheduled_jo..., kwargs={'job_type': 'frappe.email.doctype.email_account.email_account.notify_unrep..., method='frappe.core.doctype.scheduled_job_type.scheduled_job_type.run_scheduled_jo..., site='mantratecerpstage.com', user='Administrator') (mantratecerpstage.com::scheduled_job::frappe.email.doctype.email_account.email_account.notify_unreplied)
2025-01-22 09:15:55,556 home-mantra-mantrastage-bench:default: Job OK (mantratecerpstage.com::scheduled_job::frappe.website.doctype.web_page.web_page.check_publish_status)
2025-01-22 09:15:55,556 Result is kept for 600 seconds
2025-01-22 09:15:55,578 home-mantra-mantrastage-bench:long: frappe.utils.background_jobs.execute_job(event=None, is_async=True, job_name='Beny file process', kwargs={'delimiter': '|'}, method=<function get_bene_file at 0x792d868faa20>, site='mantratecerpstage.com', user='Administrator') (mantratecerpstage.com::c69e19ee-4bb3-471c-bed4-1323e89653b7)
2025-01-22 09:15:55,579 home-mantra-mantrastage-bench:long: frappe.utils.background_jobs.execute_job(event=None, is_async=True, job_name='ICICI file process', kwargs={'delimiter': '|'}, method=<function get_icici_bank_file_background at 0x792d86708720>, site='mantratecerpstage.com', user='Administrator') (mantratecerpstage.com::19ec047d-fead-4723-90b1-099679d2ca03)
2025-01-22 09:15:55,582 home-mantra-mantrastage-bench:default: Job OK (mantratecerpstage.com::scheduled_job::mantra_dev.api_code.banck_transaction.get_icici_bank_file)
2025-01-22 09:15:55,582 Result is kept for 600 seconds
2025-01-22 09:15:55,607 home-mantra-mantrastage-bench:default: Job OK (mantratecerpstage.com::scheduled_job::erpnext.accounts.doctype.process_payment_reconciliation.process_payment_reconciliation.trigger_reconciliation_for_queued_docs)
2025-01-22 09:15:55,607 Result is kept for 600 seconds
2025-01-22 09:15:55,617 home-mantra-mantrastage-bench:default: Job OK (mantratecerpstage.com::scheduled_job::erpnext.manufacturing.doctype.bom_update_log.bom_update_log.resume_bom_cost_update_jobs)
2025-01-22 09:15:55,617 Result is kept for 600 seconds
2025-01-22 09:15:55,661 home-mantra-mantrastage-bench:default: Job OK (mantratecerpstage.com::scheduled_job::frappe.utils.global_search.sync_global_search)
2025-01-22 09:15:55,661 Result is kept for 600 seconds
2025-01-22 09:15:55,677 home-mantra-mantrastage-bench:default: Job OK (mantratecerpstage.com::scheduled_job::frappe.email.doctype.email_account.email_account.notify_unreplied)
2025-01-22 09:15:55,677 Result is kept for 600 seconds
2025-01-22 09:15:55,679 home-mantra-mantrastage-bench:long: Job OK (mantratecerpstage.com::19ec047d-fead-4723-90b1-099679d2ca03)
2025-01-22 09:15:55,679 Result is kept for 600 seconds
2025-01-22 09:15:55,699 home-mantra-mantrastage-bench:long: Job OK (mantratecerpstage.com::c69e19ee-4bb3-471c-bed4-1323e89653b7)
2025-01-22 09:15:55,699 Result is kept for 600 seconds
2025-01-22 09:15:55,744 home-mantra-mantrastage-bench:default: Job OK (mantratecerpstage.com::scheduled_job::frappe.deferred_insert.save_to_db)
2025-01-22 09:15:55,744 Result is kept for 600 seconds
2025-01-22 09:15:55,770 home-mantra-mantrastage-bench:default: Job OK (mantratecerpstage.com::scheduled_job::india_compliance.gst_india.utils.e_invoice.retry_e_invoice_e_waybill_generation)
2025-01-22 09:15:55,770 Result is kept for 600 seconds
2025-01-22 09:15:57,061 home-mantra-mantrastage-bench:default: Job OK (mantratecerpstage.com::scheduled_job::frappe.twofactor.delete_all_barcodes_for_users)
2025-01-22 09:15:57,061 Result is kept for 600 seconds
2025-01-22 09:16:55,577 home-mantra-mantrastage-bench:default: frappe.utils.background_jobs.execute_job(event=None, is_async=True, job_name='frappe.core.doctype.scheduled_job_type.scheduled_job_type.run_scheduled_jo..., kwargs={'job_type': 'frappe.email.queue.flush'}, method='frappe.core.doctype.scheduled_job_type.scheduled_job_type.run_scheduled_jo..., site='mantratecerpstage.com', user='Administrator') (mantratecerpstage.com::scheduled_job::frappe.email.queue.flush)
2025-01-22 09:16:55,579 home-mantra-mantrastage-bench:default: frappe.utils.background_jobs.execute_job(event=None, is_async=True, job_name='frappe.core.doctype.scheduled_job_type.scheduled_job_type.run_scheduled_jo..., kwargs={'job_type': 'frappe.automation.doctype.reminder.reminder.send_reminders'}, method='frappe.core.doctype.scheduled_job_type.scheduled_job_type.run_scheduled_jo..., site='mantratecerpstage.com', user='Administrator') (mantratecerpstage.com::scheduled_job::frappe.automation.doctype.reminder.reminder.send_reminders)
2025-01-22 09:16:55,581 home-mantra-mantrastage-bench:default: frappe.utils.background_jobs.execute_job(event=None, is_async=True, job_name='frappe.core.doctype.scheduled_job_type.scheduled_job_type.run_scheduled_jo..., kwargs={'job_type': 'hrms.hr.doctype.interview.interview.send_interview_reminder'}, method='frappe.core.doctype.scheduled_job_type.scheduled_job_type.run_scheduled_jo..., site='mantratecerpstage.com', user='Administrator') (mantratecerpstage.com::scheduled_job::hrms.hr.doctype.interview.interview.send_interview_reminder)
2025-01-22 09:16:55,582 home-mantra-mantrastage-bench:default: frappe.utils.background_jobs.execute_job(event=None, is_async=True, job_name='frappe.core.doctype.scheduled_job_type.scheduled_job_type.run_scheduled_jo..., kwargs={'job_type': 'frappe.monitor.flush'}, method='frappe.core.doctype.scheduled_job_type.scheduled_job_type.run_scheduled_jo..., site='mantratecerpstage.com', user='Administrator') (mantratecerpstage.com::scheduled_job::frappe.monitor.flush)
2025-01-22 09:16:55,584 home-mantra-mantrastage-bench:default: frappe.utils.background_jobs.execute_job(event=None, is_async=True, job_name='frappe.core.doctype.scheduled_job_type.scheduled_job_type.run_scheduled_jo..., kwargs={'job_type': 'public_file_all'}, method='frappe.core.doctype.scheduled_job_type.scheduled_job_type.run_scheduled_jo..., site='mantratecerpstage.com', user='Administrator') (mantratecerpstage.com::scheduled_job::public_file_all)
2025-01-22 09:16:55,625 home-mantra-mantrastage-bench:default: Job OK (mantratecerpstage.com::scheduled_job::frappe.monitor.flush)
2025-01-22 09:16:55,625 Result is kept for 600 seconds
2025-01-22 09:16:55,626 home-mantra-mantrastage-bench:default: Job OK (mantratecerpstage.com::scheduled_job::hrms.hr.doctype.interview.interview.send_interview_reminder)
2025-01-22 09:16:55,626 Result is kept for 600 seconds
2025-01-22 09:16:55,637 home-mantra-mantrastage-bench:default: Job OK (mantratecerpstage.com::scheduled_job::frappe.automation.doctype.reminder.reminder.send_reminders)
2025-01-22 09:16:55,637 Result is kept for 600 seconds
2025-01-22 09:16:55,754 home-mantra-mantrastage-bench:default: Job OK (mantratecerpstage.com::scheduled_job::frappe.email.queue.flush)
2025-01-22 09:16:55,754 Result is kept for 600 seconds
2025-01-22 09:16:55,789 home-mantra-mantrastage-bench:default: Job OK (mantratecerpstage.com::scheduled_job::public_file_all)
2025-01-22 09:16:55,789 Result is kept for 600 seconds
2025-01-22 09:20:56,051 home-mantra-mantrastage-bench:default: frappe.utils.background_jobs.execute_job(event=None, is_async=True, job_name='frappe.core.doctype.scheduled_job_type.scheduled_job_type.run_scheduled_jo..., kwargs={'job_type': 'frappe.email.queue.flush'}, method='frappe.core.doctype.scheduled_job_type.scheduled_job_type.run_scheduled_jo..., site='mantratecerpstage.com', user='Administrator') (mantratecerpstage.com::scheduled_job::frappe.email.queue.flush)
2025-01-22 09:20:56,053 home-mantra-mantrastage-bench:default: frappe.utils.background_jobs.execute_job(event=None, is_async=True, job_name='frappe.core.doctype.scheduled_job_type.scheduled_job_type.run_scheduled_jo..., kwargs={'job_type': 'frappe.automation.doctype.reminder.reminder.send_reminders'}, method='frappe.core.doctype.scheduled_job_type.scheduled_job_type.run_scheduled_jo..., site='mantratecerpstage.com', user='Administrator') (mantratecerpstage.com::scheduled_job::frappe.automation.doctype.reminder.reminder.send_reminders)
2025-01-22 09:20:56,054 home-mantra-mantrastage-bench:default: frappe.utils.background_jobs.execute_job(event=None, is_async=True, job_name='frappe.core.doctype.scheduled_job_type.scheduled_job_type.run_scheduled_jo..., kwargs={'job_type': 'hrms.hr.doctype.interview.interview.send_interview_reminder'}, method='frappe.core.doctype.scheduled_job_type.scheduled_job_type.run_scheduled_jo..., site='mantratecerpstage.com', user='Administrator') (mantratecerpstage.com::scheduled_job::hrms.hr.doctype.interview.interview.send_interview_reminder)
2025-01-22 09:20:56,056 home-mantra-mantrastage-bench:default: frappe.utils.background_jobs.execute_job(event=None, is_async=True, job_name='frappe.core.doctype.scheduled_job_type.scheduled_job_type.run_scheduled_jo..., kwargs={'job_type': 'frappe.monitor.flush'}, method='frappe.core.doctype.scheduled_job_type.scheduled_job_type.run_scheduled_jo..., site='mantratecerpstage.com', user='Administrator') (mantratecerpstage.com::scheduled_job::frappe.monitor.flush)
2025-01-22 09:20:56,058 home-mantra-mantrastage-bench:default: frappe.utils.background_jobs.execute_job(event=None, is_async=True, job_name='frappe.core.doctype.scheduled_job_type.scheduled_job_type.run_scheduled_jo..., kwargs={'job_type': 'public_file_all'}, method='frappe.core.doctype.scheduled_job_type.scheduled_job_type.run_scheduled_jo..., site='mantratecerpstage.com', user='Administrator') (mantratecerpstage.com::scheduled_job::public_file_all)
2025-01-22 09:20:56,060 home-mantra-mantrastage-bench:default: frappe.utils.background_jobs.execute_job(event=None, is_async=True, job_name='frappe.core.doctype.scheduled_job_type.scheduled_job_type.run_scheduled_jo..., kwargs={'job_type': 'mantra_dev.api_code.banck_transaction.get_icici_bank_file'}, method='frappe.core.doctype.scheduled_job_type.scheduled_job_type.run_scheduled_jo..., site='mantratecerpstage.com', user='Administrator') (mantratecerpstage.com::scheduled_job::mantra_dev.api_code.banck_transaction.get_icici_bank_file)
2025-01-22 09:20:56,063 home-mantra-mantrastage-bench:default: frappe.utils.background_jobs.execute_job(event=None, is_async=True, job_name='frappe.core.doctype.scheduled_job_type.scheduled_job_type.run_scheduled_jo..., kwargs={'job_type': 'india_compliance.gst_india.utils.e_invoice.retry_e_invoice_e_..., method='frappe.core.doctype.scheduled_job_type.scheduled_job_type.run_scheduled_jo..., site='mantratecerpstage.com', user='Administrator') (mantratecerpstage.com::scheduled_job::india_compliance.gst_india.utils.e_invoice.retry_e_invoice_e_waybill_generation)
2025-01-22 09:20:56,070 home-mantra-mantrastage-bench:default: frappe.utils.background_jobs.execute_job(event=None, is_async=True, job_name='frappe.core.doctype.scheduled_job_type.scheduled_job_type.run_scheduled_jo..., kwargs={'job_type': 'india_compliance.gst_india.doctype.purchase_reconciliation_to..., method='frappe.core.doctype.scheduled_job_type.scheduled_job_type.run_scheduled_jo..., site='mantratecerpstage.com', user='Administrator') (mantratecerpstage.com::scheduled_job::india_compliance.gst_india.doctype.purchase_reconciliation_tool.purchase_reconciliation_tool.auto_refresh_authtoken)
2025-01-22 09:20:56,078 home-mantra-mantrastage-bench:default: frappe.utils.background_jobs.execute_job(event=None, is_async=True, job_name='frappe.core.doctype.scheduled_job_type.scheduled_job_type.run_scheduled_jo..., kwargs={'job_type': 'frappe.email.doctype.email_account.email_account.pull'}, method='frappe.core.doctype.scheduled_job_type.scheduled_job_type.run_scheduled_jo..., site='mantratecerpstage.com', user='Administrator') (mantratecerpstage.com::scheduled_job::frappe.email.doctype.email_account.email_account.pull)
2025-01-22 09:20:56,101 home-mantra-mantrastage-bench:default: Job OK (mantratecerpstage.com::scheduled_job::frappe.monitor.flush)
2025-01-22 09:20:56,101 Result is kept for 600 seconds
2025-01-22 09:20:56,103 home-mantra-mantrastage-bench:default: Job OK (mantratecerpstage.com::scheduled_job::hrms.hr.doctype.interview.interview.send_interview_reminder)
2025-01-22 09:20:56,103 Result is kept for 600 seconds
2025-01-22 09:20:56,103 home-mantra-mantrastage-bench:default: Job OK (mantratecerpstage.com::scheduled_job::frappe.automation.doctype.reminder.reminder.send_reminders)
2025-01-22 09:20:56,103 Result is kept for 600 seconds
2025-01-22 09:20:56,217 home-mantra-mantrastage-bench:default: Job OK (mantratecerpstage.com::scheduled_job::frappe.email.queue.flush)
2025-01-22 09:20:56,217 Result is kept for 600 seconds
2025-01-22 09:20:56,258 home-mantra-mantrastage-bench:default: Job OK (mantratecerpstage.com::scheduled_job::frappe.email.doctype.email_account.email_account.pull)
2025-01-22 09:20:56,258 Result is kept for 600 seconds
2025-01-22 09:20:56,258 home-mantra-mantrastage-bench:long: frappe.utils.background_jobs.execute_job(event=None, is_async=True, job_name='ICICI file process', kwargs={'delimiter': '|'}, method=<function get_icici_bank_file_background at 0x7b8907604720>, site='mantratecerpstage.com', user='Administrator') (mantratecerpstage.com::406e8c89-0e97-449f-8893-4a90a700e6f1)
2025-01-22 09:20:56,259 home-mantra-mantrastage-bench:long: frappe.utils.background_jobs.execute_job(event=None, is_async=True, job_name='Beny file process', kwargs={'delimiter': '|'}, method=<function get_bene_file at 0x7b89077f6a20>, site='mantratecerpstage.com', user='Administrator') (mantratecerpstage.com::51223883-3011-4973-a870-50edc77f1bd1)
2025-01-22 09:20:56,264 home-mantra-mantrastage-bench:default: Job OK (mantratecerpstage.com::scheduled_job::mantra_dev.api_code.banck_transaction.get_icici_bank_file)
2025-01-22 09:20:56,264 Result is kept for 600 seconds
2025-01-22 09:20:56,287 home-mantra-mantrastage-bench:default: Job OK (mantratecerpstage.com::scheduled_job::public_file_all)
2025-01-22 09:20:56,287 Result is kept for 600 seconds
2025-01-22 09:20:56,371 home-mantra-mantrastage-bench:long: Job OK (mantratecerpstage.com::406e8c89-0e97-449f-8893-4a90a700e6f1)
2025-01-22 09:20:56,371 Result is kept for 600 seconds
2025-01-22 09:20:56,374 home-mantra-mantrastage-bench:long: Job OK (mantratecerpstage.com::51223883-3011-4973-a870-50edc77f1bd1)
2025-01-22 09:20:56,374 Result is kept for 600 seconds
2025-01-22 09:20:56,426 home-mantra-mantrastage-bench:default: Job OK (mantratecerpstage.com::scheduled_job::india_compliance.gst_india.utils.e_invoice.retry_e_invoice_e_waybill_generation)
2025-01-22 09:20:56,426 Result is kept for 600 seconds
2025-01-22 09:20:56,484 home-mantra-mantrastage-bench:default: Job OK (mantratecerpstage.com::scheduled_job::india_compliance.gst_india.doctype.purchase_reconciliation_tool.purchase_reconciliation_tool.auto_refresh_authtoken)
2025-01-22 09:20:56,484 Result is kept for 600 seconds
2025-01-22 09:24:56,547 home-mantra-mantrastage-bench:default: frappe.utils.background_jobs.execute_job(event=None, is_async=True, job_name='frappe.core.doctype.scheduled_job_type.scheduled_job_type.run_scheduled_jo..., kwargs={'job_type': 'frappe.email.queue.flush'}, method='frappe.core.doctype.scheduled_job_type.scheduled_job_type.run_scheduled_jo..., site='mantratecerpstage.com', user='Administrator') (mantratecerpstage.com::scheduled_job::frappe.email.queue.flush)
2025-01-22 09:24:56,548 home-mantra-mantrastage-bench:default: frappe.utils.background_jobs.execute_job(event=None, is_async=True, job_name='frappe.core.doctype.scheduled_job_type.scheduled_job_type.run_scheduled_jo..., kwargs={'job_type': 'frappe.automation.doctype.reminder.reminder.send_reminders'}, method='frappe.core.doctype.scheduled_job_type.scheduled_job_type.run_scheduled_jo..., site='mantratecerpstage.com', user='Administrator') (mantratecerpstage.com::scheduled_job::frappe.automation.doctype.reminder.reminder.send_reminders)
2025-01-22 09:24:56,550 home-mantra-mantrastage-bench:default: frappe.utils.background_jobs.execute_job(event=None, is_async=True, job_name='frappe.core.doctype.scheduled_job_type.scheduled_job_type.run_scheduled_jo..., kwargs={'job_type': 'hrms.hr.doctype.interview.interview.send_interview_reminder'}, method='frappe.core.doctype.scheduled_job_type.scheduled_job_type.run_scheduled_jo..., site='mantratecerpstage.com', user='Administrator') (mantratecerpstage.com::scheduled_job::hrms.hr.doctype.interview.interview.send_interview_reminder)
2025-01-22 09:24:56,552 home-mantra-mantrastage-bench:default: frappe.utils.background_jobs.execute_job(event=None, is_async=True, job_name='frappe.core.doctype.scheduled_job_type.scheduled_job_type.run_scheduled_jo..., kwargs={'job_type': 'frappe.monitor.flush'}, method='frappe.core.doctype.scheduled_job_type.scheduled_job_type.run_scheduled_jo..., site='mantratecerpstage.com', user='Administrator') (mantratecerpstage.com::scheduled_job::frappe.monitor.flush)
2025-01-22 09:24:56,553 home-mantra-mantrastage-bench:default: frappe.utils.background_jobs.execute_job(event=None, is_async=True, job_name='frappe.core.doctype.scheduled_job_type.scheduled_job_type.run_scheduled_jo..., kwargs={'job_type': 'public_file_all'}, method='frappe.core.doctype.scheduled_job_type.scheduled_job_type.run_scheduled_jo..., site='mantratecerpstage.com', user='Administrator') (mantratecerpstage.com::scheduled_job::public_file_all)
2025-01-22 09:24:56,596 home-mantra-mantrastage-bench:default: Job OK (mantratecerpstage.com::scheduled_job::hrms.hr.doctype.interview.interview.send_interview_reminder)
2025-01-22 09:24:56,596 home-mantra-mantrastage-bench:default: Job OK (mantratecerpstage.com::scheduled_job::frappe.automation.doctype.reminder.reminder.send_reminders)
2025-01-22 09:24:56,596 Result is kept for 600 seconds
2025-01-22 09:24:56,596 Result is kept for 600 seconds
2025-01-22 09:24:56,597 home-mantra-mantrastage-bench:default: Job OK (mantratecerpstage.com::scheduled_job::frappe.monitor.flush)
2025-01-22 09:24:56,597 Result is kept for 600 seconds
2025-01-22 09:24:56,695 home-mantra-mantrastage-bench:default: Job OK (mantratecerpstage.com::scheduled_job::frappe.email.queue.flush)
2025-01-22 09:24:56,695 Result is kept for 600 seconds
2025-01-22 09:24:56,738 home-mantra-mantrastage-bench:default: Job OK (mantratecerpstage.com::scheduled_job::public_file_all)
2025-01-22 09:24:56,738 Result is kept for 600 seconds
2025-01-22 09:25:56,672 home-mantra-mantrastage-bench:default: frappe.utils.background_jobs.execute_job(event=None, is_async=True, job_name='frappe.core.doctype.scheduled_job_type.scheduled_job_type.run_scheduled_jo..., kwargs={'job_type': 'mantra_dev.api_code.banck_transaction.get_icici_bank_file'}, method='frappe.core.doctype.scheduled_job_type.scheduled_job_type.run_scheduled_jo..., site='mantratecerpstage.com', user='Administrator') (mantratecerpstage.com::scheduled_job::mantra_dev.api_code.banck_transaction.get_icici_bank_file)
2025-01-22 09:25:56,675 home-mantra-mantrastage-bench:default: frappe.utils.background_jobs.execute_job(event=None, is_async=True, job_name='frappe.core.doctype.scheduled_job_type.scheduled_job_type.run_scheduled_jo..., kwargs={'job_type': 'india_compliance.gst_india.utils.e_invoice.retry_e_invoice_e_..., method='frappe.core.doctype.scheduled_job_type.scheduled_job_type.run_scheduled_jo..., site='mantratecerpstage.com', user='Administrator') (mantratecerpstage.com::scheduled_job::india_compliance.gst_india.utils.e_invoice.retry_e_invoice_e_waybill_generation)
2025-01-22 09:25:56,822 home-mantra-mantrastage-bench:long: frappe.utils.background_jobs.execute_job(event=None, is_async=True, job_name='Beny file process', kwargs={'delimiter': '|'}, method=<function get_bene_file at 0x74fcb0af2a20>, site='mantratecerpstage.com', user='Administrator') (mantratecerpstage.com::aa9b1efd-8fa1-4930-ad4b-216f1e9746bd)
2025-01-22 09:25:56,822 home-mantra-mantrastage-bench:long: frappe.utils.background_jobs.execute_job(event=None, is_async=True, job_name='ICICI file process', kwargs={'delimiter': '|'}, method=<function get_icici_bank_file_background at 0x74fcb0900720>, site='mantratecerpstage.com', user='Administrator') (mantratecerpstage.com::0f5d1345-fdfa-4cbf-aa03-5b7e95537542)
2025-01-22 09:25:56,826 home-mantra-mantrastage-bench:default: Job OK (mantratecerpstage.com::scheduled_job::mantra_dev.api_code.banck_transaction.get_icici_bank_file)
2025-01-22 09:25:56,826 Result is kept for 600 seconds
2025-01-22 09:25:56,922 home-mantra-mantrastage-bench:long: Job OK (mantratecerpstage.com::aa9b1efd-8fa1-4930-ad4b-216f1e9746bd)
2025-01-22 09:25:56,922 Result is kept for 600 seconds
2025-01-22 09:25:56,927 home-mantra-mantrastage-bench:long: Job OK (mantratecerpstage.com::0f5d1345-fdfa-4cbf-aa03-5b7e95537542)
2025-01-22 09:25:56,927 Result is kept for 600 seconds
2025-01-22 09:25:56,981 home-mantra-mantrastage-bench:default: Job OK (mantratecerpstage.com::scheduled_job::india_compliance.gst_india.utils.e_invoice.retry_e_invoice_e_waybill_generation)
2025-01-22 09:25:56,981 Result is kept for 600 seconds
2025-01-22 09:27:16,958 home-mantra-mantrastage-bench:short: frappe.utils.background_jobs.execute_job(event=None, is_async=True, job_name='frappe.sendmail', kwargs={'recipients': 'accounts8@mantratec.com', 'sender': None, 'subject': 'Login..., method=<function sendmail at 0x7cfc5b6bdc60>, site='mantratecerpstage.com', user=None) (mantratecerpstage.com::760ac4f1-3bc1-49a5-9446-6cf323469162)
ERROR	PropertyValue: Missing token for production Choice(ColorValue, Dimension, URIValue, Value, variable, MSValue, CSSCalc, function): ('HASH', '#0000001a', 1, 3215)
ERROR	PropertyValue: Unknown syntax or no value: 0 3px 6px #0000001a
ERROR	CSSStyleDeclaration: Syntax Error in Property: box-shadow:0 3px 6px #0000001a
2025-01-22 09:27:18,646 home-mantra-mantrastage-bench:short: Job OK (mantratecerpstage.com::760ac4f1-3bc1-49a5-9446-6cf323469162)
2025-01-22 09:27:18,646 Result is kept for 600 seconds
2025-01-22 09:27:37,081 home-mantra-mantrastage-bench:short: frappe.utils.background_jobs.execute_job(event=None, is_async=True, job_name='frappe.sendmail', kwargs={'recipients': 'purchase2@mantratec.com', 'sender': None, 'subject': 'Login..., method=<function sendmail at 0x7cfc5b6bdc60>, site='mantratecerpstage.com', user=None) (mantratecerpstage.com::629c3a9b-429a-45f1-b1ba-e02f05a36b52)
ERROR	PropertyValue: Missing token for production Choice(ColorValue, Dimension, URIValue, Value, variable, MSValue, CSSCalc, function): ('HASH', '#0000001a', 1, 3215)
ERROR	PropertyValue: Unknown syntax or no value: 0 3px 6px #0000001a
ERROR	CSSStyleDeclaration: Syntax Error in Property: box-shadow:0 3px 6px #0000001a
2025-01-22 09:27:39,095 home-mantra-mantrastage-bench:short: Job OK (mantratecerpstage.com::629c3a9b-429a-45f1-b1ba-e02f05a36b52)
2025-01-22 09:27:39,095 Result is kept for 600 seconds
2025-01-22 09:27:41,399 Cleaning registries for queue: home-mantra-mantrastage-bench:long
2025-01-22 09:28:10,608 home-mantra-mantrastage-bench:short: frappe.utils.background_jobs.execute_job(event=None, is_async=True, job_name='frappe.sendmail', kwargs={'recipients': 'dhruv.gohil@mantratec.com', 'sender': None, 'subject': 'Log..., method=<function sendmail at 0x7cfc5b6bdc60>, site='mantratecerpstage.com', user=None) (mantratecerpstage.com::4d74d881-a48b-456c-bf54-f8d780150414)
ERROR	PropertyValue: Missing token for production Choice(ColorValue, Dimension, URIValue, Value, variable, MSValue, CSSCalc, function): ('HASH', '#0000001a', 1, 3215)
ERROR	PropertyValue: Unknown syntax or no value: 0 3px 6px #0000001a
ERROR	CSSStyleDeclaration: Syntax Error in Property: box-shadow:0 3px 6px #0000001a
2025-01-22 09:28:12,967 home-mantra-mantrastage-bench:short: Job OK (mantratecerpstage.com::4d74d881-a48b-456c-bf54-f8d780150414)
2025-01-22 09:28:12,967 Result is kept for 600 seconds
2025-01-22 09:28:57,020 home-mantra-mantrastage-bench:default: frappe.utils.background_jobs.execute_job(event=None, is_async=True, job_name='frappe.core.doctype.scheduled_job_type.scheduled_job_type.run_scheduled_jo..., kwargs={'job_type': 'frappe.email.queue.flush'}, method='frappe.core.doctype.scheduled_job_type.scheduled_job_type.run_scheduled_jo..., site='mantratecerpstage.com', user='Administrator') (mantratecerpstage.com::scheduled_job::frappe.email.queue.flush)
2025-01-22 09:28:57,021 home-mantra-mantrastage-bench:default: frappe.utils.background_jobs.execute_job(event=None, is_async=True, job_name='frappe.core.doctype.scheduled_job_type.scheduled_job_type.run_scheduled_jo..., kwargs={'job_type': 'frappe.automation.doctype.reminder.reminder.send_reminders'}, method='frappe.core.doctype.scheduled_job_type.scheduled_job_type.run_scheduled_jo..., site='mantratecerpstage.com', user='Administrator') (mantratecerpstage.com::scheduled_job::frappe.automation.doctype.reminder.reminder.send_reminders)
2025-01-22 09:28:57,023 home-mantra-mantrastage-bench:default: frappe.utils.background_jobs.execute_job(event=None, is_async=True, job_name='frappe.core.doctype.scheduled_job_type.scheduled_job_type.run_scheduled_jo..., kwargs={'job_type': 'hrms.hr.doctype.interview.interview.send_interview_reminder'}, method='frappe.core.doctype.scheduled_job_type.scheduled_job_type.run_scheduled_jo..., site='mantratecerpstage.com', user='Administrator') (mantratecerpstage.com::scheduled_job::hrms.hr.doctype.interview.interview.send_interview_reminder)
2025-01-22 09:28:57,024 home-mantra-mantrastage-bench:default: frappe.utils.background_jobs.execute_job(event=None, is_async=True, job_name='frappe.core.doctype.scheduled_job_type.scheduled_job_type.run_scheduled_jo..., kwargs={'job_type': 'frappe.monitor.flush'}, method='frappe.core.doctype.scheduled_job_type.scheduled_job_type.run_scheduled_jo..., site='mantratecerpstage.com', user='Administrator') (mantratecerpstage.com::scheduled_job::frappe.monitor.flush)
2025-01-22 09:28:57,026 home-mantra-mantrastage-bench:default: frappe.utils.background_jobs.execute_job(event=None, is_async=True, job_name='frappe.core.doctype.scheduled_job_type.scheduled_job_type.run_scheduled_jo..., kwargs={'job_type': 'public_file_all'}, method='frappe.core.doctype.scheduled_job_type.scheduled_job_type.run_scheduled_jo..., site='mantratecerpstage.com', user='Administrator') (mantratecerpstage.com::scheduled_job::public_file_all)
2025-01-22 09:28:57,088 home-mantra-mantrastage-bench:default: Job OK (mantratecerpstage.com::scheduled_job::frappe.monitor.flush)
2025-01-22 09:28:57,088 Result is kept for 600 seconds
2025-01-22 09:28:57,089 home-mantra-mantrastage-bench:default: Job OK (mantratecerpstage.com::scheduled_job::hrms.hr.doctype.interview.interview.send_interview_reminder)
2025-01-22 09:28:57,090 Result is kept for 600 seconds
2025-01-22 09:28:57,100 home-mantra-mantrastage-bench:default: Job OK (mantratecerpstage.com::scheduled_job::frappe.automation.doctype.reminder.reminder.send_reminders)
2025-01-22 09:28:57,100 Result is kept for 600 seconds
2025-01-22 09:28:57,220 home-mantra-mantrastage-bench:default: Job OK (mantratecerpstage.com::scheduled_job::frappe.email.queue.flush)
2025-01-22 09:28:57,220 Result is kept for 600 seconds
2025-01-22 09:28:57,329 home-mantra-mantrastage-bench:default: Job OK (mantratecerpstage.com::scheduled_job::public_file_all)
2025-01-22 09:28:57,330 Result is kept for 600 seconds
2025-01-22 09:29:48,491 home-mantra-mantrastage-bench:short: frappe.utils.background_jobs.execute_job(event=None, is_async=True, job_name='frappe.sendmail', kwargs={'recipients': 'dispatch.1@mantratec.com', 'sender': None, 'subject': 'Logi..., method=<function sendmail at 0x7cfc5b6bdc60>, site='mantratecerpstage.com', user=None) (mantratecerpstage.com::fe19118e-8f00-4834-b37d-939cfa6f9ed7)
ERROR	PropertyValue: Missing token for production Choice(ColorValue, Dimension, URIValue, Value, variable, MSValue, CSSCalc, function): ('HASH', '#0000001a', 1, 3215)
ERROR	PropertyValue: Unknown syntax or no value: 0 3px 6px #0000001a
ERROR	CSSStyleDeclaration: Syntax Error in Property: box-shadow:0 3px 6px #0000001a
2025-01-22 09:30:00,120 home-mantra-mantrastage-bench:short: Job OK (mantratecerpstage.com::fe19118e-8f00-4834-b37d-939cfa6f9ed7)
2025-01-22 09:30:00,120 Result is kept for 600 seconds
2025-01-22 09:30:28,741 home-mantra-mantrastage-bench:short: frappe.utils.background_jobs.execute_job(event=None, is_async=True, job_name='frappe.sendmail', kwargs={'recipients': 'finance1@mantratec.com', 'sender': None, 'subject': 'Login ..., method=<function sendmail at 0x7cfc5b6bdc60>, site='mantratecerpstage.com', user=None) (mantratecerpstage.com::42eb7b66-f1be-4e27-9233-c7e23a9e057a)
ERROR	PropertyValue: Missing token for production Choice(ColorValue, Dimension, URIValue, Value, variable, MSValue, CSSCalc, function): ('HASH', '#0000001a', 1, 3215)
ERROR	PropertyValue: Unknown syntax or no value: 0 3px 6px #0000001a
ERROR	CSSStyleDeclaration: Syntax Error in Property: box-shadow:0 3px 6px #0000001a
2025-01-22 09:30:30,894 home-mantra-mantrastage-bench:short: Job OK (mantratecerpstage.com::42eb7b66-f1be-4e27-9233-c7e23a9e057a)
2025-01-22 09:30:30,894 Result is kept for 600 seconds
2025-01-22 09:30:57,274 home-mantra-mantrastage-bench:default: frappe.utils.background_jobs.execute_job(event=None, is_async=True, job_name='frappe.core.doctype.scheduled_job_type.scheduled_job_type.run_scheduled_jo..., kwargs={'job_type': 'erpnext.utilities.doctype.video.video.update_youtube_data'}, method='frappe.core.doctype.scheduled_job_type.scheduled_job_type.run_scheduled_jo..., site='mantratecerpstage.com', user='Administrator') (mantratecerpstage.com::scheduled_job::erpnext.utilities.doctype.video.video.update_youtube_data)
2025-01-22 09:30:57,275 home-mantra-mantrastage-bench:default: frappe.utils.background_jobs.execute_job(event=None, is_async=True, job_name='frappe.core.doctype.scheduled_job_type.scheduled_job_type.run_scheduled_jo..., kwargs={'job_type': 'mantra_dev.api_code.banck_transaction.get_icici_bank_file'}, method='frappe.core.doctype.scheduled_job_type.scheduled_job_type.run_scheduled_jo..., site='mantratecerpstage.com', user='Administrator') (mantratecerpstage.com::scheduled_job::mantra_dev.api_code.banck_transaction.get_icici_bank_file)
2025-01-22 09:30:57,277 home-mantra-mantrastage-bench:default: frappe.utils.background_jobs.execute_job(event=None, is_async=True, job_name='frappe.core.doctype.scheduled_job_type.scheduled_job_type.run_scheduled_jo..., kwargs={'job_type': 'india_compliance.gst_india.utils.e_invoice.retry_e_invoice_e_..., method='frappe.core.doctype.scheduled_job_type.scheduled_job_type.run_scheduled_jo..., site='mantratecerpstage.com', user='Administrator') (mantratecerpstage.com::scheduled_job::india_compliance.gst_india.utils.e_invoice.retry_e_invoice_e_waybill_generation)
2025-01-22 09:30:57,281 home-mantra-mantrastage-bench:default: frappe.utils.background_jobs.execute_job(event=None, is_async=True, job_name='frappe.core.doctype.scheduled_job_type.scheduled_job_type.run_scheduled_jo..., kwargs={'job_type': 'india_compliance.gst_india.doctype.purchase_reconciliation_to..., method='frappe.core.doctype.scheduled_job_type.scheduled_job_type.run_scheduled_jo..., site='mantratecerpstage.com', user='Administrator') (mantratecerpstage.com::scheduled_job::india_compliance.gst_india.doctype.purchase_reconciliation_tool.purchase_reconciliation_tool.auto_refresh_authtoken)
2025-01-22 09:30:57,284 home-mantra-mantrastage-bench:default: frappe.utils.background_jobs.execute_job(event=None, is_async=True, job_name='frappe.core.doctype.scheduled_job_type.scheduled_job_type.run_scheduled_jo..., kwargs={'job_type': 'frappe.oauth.delete_oauth2_data'}, method='frappe.core.doctype.scheduled_job_type.scheduled_job_type.run_scheduled_jo..., site='mantratecerpstage.com', user='Administrator') (mantratecerpstage.com::scheduled_job::frappe.oauth.delete_oauth2_data)
2025-01-22 09:30:57,285 home-mantra-mantrastage-bench:default: frappe.utils.background_jobs.execute_job(event=None, is_async=True, job_name='frappe.core.doctype.scheduled_job_type.scheduled_job_type.run_scheduled_jo..., kwargs={'job_type': 'frappe.website.doctype.web_page.web_page.check_publish_status..., method='frappe.core.doctype.scheduled_job_type.scheduled_job_type.run_scheduled_jo..., site='mantratecerpstage.com', user='Administrator') (mantratecerpstage.com::scheduled_job::frappe.website.doctype.web_page.web_page.check_publish_status)
2025-01-22 09:30:57,287 home-mantra-mantrastage-bench:default: frappe.utils.background_jobs.execute_job(event=None, is_async=True, job_name='frappe.core.doctype.scheduled_job_type.scheduled_job_type.run_scheduled_jo..., kwargs={'job_type': 'frappe.twofactor.delete_all_barcodes_for_users'}, method='frappe.core.doctype.scheduled_job_type.scheduled_job_type.run_scheduled_jo..., site='mantratecerpstage.com', user='Administrator') (mantratecerpstage.com::scheduled_job::frappe.twofactor.delete_all_barcodes_for_users)
2025-01-22 09:30:57,289 home-mantra-mantrastage-bench:default: frappe.utils.background_jobs.execute_job(event=None, is_async=True, job_name='frappe.core.doctype.scheduled_job_type.scheduled_job_type.run_scheduled_jo..., kwargs={'job_type': 'frappe.email.doctype.email_account.email_account.pull'}, method='frappe.core.doctype.scheduled_job_type.scheduled_job_type.run_scheduled_jo..., site='mantratecerpstage.com', user='Administrator') (mantratecerpstage.com::scheduled_job::frappe.email.doctype.email_account.email_account.pull)
2025-01-22 09:30:57,291 home-mantra-mantrastage-bench:default: frappe.utils.background_jobs.execute_job(event=None, is_async=True, job_name='frappe.core.doctype.scheduled_job_type.scheduled_job_type.run_scheduled_jo..., kwargs={'job_type': 'frappe.core.doctype.prepared_report.prepared_report.expire_st..., method='frappe.core.doctype.scheduled_job_type.scheduled_job_type.run_scheduled_jo..., site='mantratecerpstage.com', user='Administrator') (mantratecerpstage.com::scheduled_job::frappe.core.doctype.prepared_report.prepared_report.expire_stalled_report)
2025-01-22 09:30:57,327 home-mantra-mantrastage-bench:default: frappe.utils.background_jobs.execute_job(event=None, is_async=True, job_name='frappe.core.doctype.scheduled_job_type.scheduled_job_type.run_scheduled_jo..., kwargs={'job_type': 'erpnext.manufacturing.doctype.bom_update_log.bom_update_log.r..., method='frappe.core.doctype.scheduled_job_type.scheduled_job_type.run_scheduled_jo..., site='mantratecerpstage.com', user='Administrator') (mantratecerpstage.com::scheduled_job::erpnext.manufacturing.doctype.bom_update_log.bom_update_log.resume_bom_cost_update_jobs)
2025-01-22 09:30:57,330 home-mantra-mantrastage-bench:default: frappe.utils.background_jobs.execute_job(event=None, is_async=True, job_name='frappe.core.doctype.scheduled_job_type.scheduled_job_type.run_scheduled_jo..., kwargs={'job_type': 'erpnext.accounts.doctype.process_payment_reconciliation.proce..., method='frappe.core.doctype.scheduled_job_type.scheduled_job_type.run_scheduled_jo..., site='mantratecerpstage.com', user='Administrator') (mantratecerpstage.com::scheduled_job::erpnext.accounts.doctype.process_payment_reconciliation.process_payment_reconciliation.trigger_reconciliation_for_queued_docs)
2025-01-22 09:30:57,336 home-mantra-mantrastage-bench:default: frappe.utils.background_jobs.execute_job(event=None, is_async=True, job_name='frappe.core.doctype.scheduled_job_type.scheduled_job_type.run_scheduled_jo..., kwargs={'job_type': 'erpnext.accounts.doctype.gl_entry.gl_entry.rename_gle_sle_doc..., method='frappe.core.doctype.scheduled_job_type.scheduled_job_type.run_scheduled_jo..., site='mantratecerpstage.com', user='Administrator') (mantratecerpstage.com::scheduled_job::erpnext.accounts.doctype.gl_entry.gl_entry.rename_gle_sle_docs)
2025-01-22 09:30:57,419 home-mantra-mantrastage-bench:default: frappe.utils.background_jobs.execute_job(event=None, is_async=True, job_name='frappe.core.doctype.scheduled_job_type.scheduled_job_type.run_scheduled_jo..., kwargs={'job_type': 'frappe.deferred_insert.save_to_db'}, method='frappe.core.doctype.scheduled_job_type.scheduled_job_type.run_scheduled_jo..., site='mantratecerpstage.com', user='Administrator') (mantratecerpstage.com::scheduled_job::frappe.deferred_insert.save_to_db)
2025-01-22 09:30:57,424 home-mantra-mantrastage-bench:default: frappe.utils.background_jobs.execute_job(event=None, is_async=True, job_name='frappe.core.doctype.scheduled_job_type.scheduled_job_type.run_scheduled_jo..., kwargs={'job_type': 'frappe.utils.global_search.sync_global_search'}, method='frappe.core.doctype.scheduled_job_type.scheduled_job_type.run_scheduled_jo..., site='mantratecerpstage.com', user='Administrator') (mantratecerpstage.com::scheduled_job::frappe.utils.global_search.sync_global_search)
2025-01-22 09:30:57,430 home-mantra-mantrastage-bench:default: frappe.utils.background_jobs.execute_job(event=None, is_async=True, job_name='frappe.core.doctype.scheduled_job_type.scheduled_job_type.run_scheduled_jo..., kwargs={'job_type': 'frappe.email.doctype.email_account.email_account.notify_unrep..., method='frappe.core.doctype.scheduled_job_type.scheduled_job_type.run_scheduled_jo..., site='mantratecerpstage.com', user='Administrator') (mantratecerpstage.com::scheduled_job::frappe.email.doctype.email_account.email_account.notify_unreplied)
2025-01-22 09:30:57,515 home-mantra-mantrastage-bench:default: Job OK (mantratecerpstage.com::scheduled_job::frappe.core.doctype.prepared_report.prepared_report.expire_stalled_report)
2025-01-22 09:30:57,515 Result is kept for 600 seconds
2025-01-22 09:30:57,519 Cleaning registries for queue: home-mantra-mantrastage-bench:short
2025-01-22 09:30:57,521 Cleaning registries for queue: home-mantra-mantrastage-bench:default
2025-01-22 09:30:57,533 home-mantra-mantrastage-bench:default: Job OK (mantratecerpstage.com::scheduled_job::frappe.oauth.delete_oauth2_data)
2025-01-22 09:30:57,533 Result is kept for 600 seconds
2025-01-22 09:30:57,545 home-mantra-mantrastage-bench:default: Job OK (mantratecerpstage.com::scheduled_job::frappe.email.doctype.email_account.email_account.pull)
2025-01-22 09:30:57,546 Result is kept for 600 seconds
2025-01-22 09:30:57,546 home-mantra-mantrastage-bench:default: Job OK (mantratecerpstage.com::scheduled_job::frappe.website.doctype.web_page.web_page.check_publish_status)
2025-01-22 09:30:57,547 Result is kept for 600 seconds
2025-01-22 09:30:57,552 home-mantra-mantrastage-bench:default: Job OK (mantratecerpstage.com::scheduled_job::erpnext.manufacturing.doctype.bom_update_log.bom_update_log.resume_bom_cost_update_jobs)
2025-01-22 09:30:57,552 Result is kept for 600 seconds
2025-01-22 09:30:57,566 home-mantra-mantrastage-bench:default: Job OK (mantratecerpstage.com::scheduled_job::erpnext.accounts.doctype.process_payment_reconciliation.process_payment_reconciliation.trigger_reconciliation_for_queued_docs)
2025-01-22 09:30:57,566 Result is kept for 600 seconds
2025-01-22 09:30:57,581 home-mantra-mantrastage-bench:default: Job OK (mantratecerpstage.com::scheduled_job::erpnext.accounts.doctype.gl_entry.gl_entry.rename_gle_sle_docs)
2025-01-22 09:30:57,581 Result is kept for 600 seconds
2025-01-22 09:30:57,603 home-mantra-mantrastage-bench:default: Job OK (mantratecerpstage.com::scheduled_job::frappe.utils.global_search.sync_global_search)
2025-01-22 09:30:57,603 Result is kept for 600 seconds
2025-01-22 09:30:57,608 home-mantra-mantrastage-bench:default: Job OK (mantratecerpstage.com::scheduled_job::erpnext.utilities.doctype.video.video.update_youtube_data)
2025-01-22 09:30:57,608 Result is kept for 600 seconds
2025-01-22 09:30:57,613 home-mantra-mantrastage-bench:long: frappe.utils.background_jobs.execute_job(event=None, is_async=True, job_name='Beny file process', kwargs={'delimiter': '|'}, method=<function get_bene_file at 0x78c5585682c0>, site='mantratecerpstage.com', user='Administrator') (mantratecerpstage.com::1dba919b-5be8-4e22-b26e-be18b71a9348)
2025-01-22 09:30:57,614 home-mantra-mantrastage-bench:long: frappe.utils.background_jobs.execute_job(event=None, is_async=True, job_name='ICICI file process', kwargs={'delimiter': '|'}, method=<function get_icici_bank_file_background at 0x78c558569f80>, site='mantratecerpstage.com', user='Administrator') (mantratecerpstage.com::dddb5fa5-f6a9-47f7-a661-b5c1e4c626cb)
2025-01-22 09:30:57,616 home-mantra-mantrastage-bench:default: Job OK (mantratecerpstage.com::scheduled_job::mantra_dev.api_code.banck_transaction.get_icici_bank_file)
2025-01-22 09:30:57,616 Result is kept for 600 seconds
2025-01-22 09:30:57,646 home-mantra-mantrastage-bench:default: Job OK (mantratecerpstage.com::scheduled_job::frappe.email.doctype.email_account.email_account.notify_unreplied)
2025-01-22 09:30:57,646 Result is kept for 600 seconds
2025-01-22 09:30:57,680 home-mantra-mantrastage-bench:default: Job OK (mantratecerpstage.com::scheduled_job::frappe.deferred_insert.save_to_db)
2025-01-22 09:30:57,680 Result is kept for 600 seconds
2025-01-22 09:30:57,717 home-mantra-mantrastage-bench:long: Job OK (mantratecerpstage.com::1dba919b-5be8-4e22-b26e-be18b71a9348)
2025-01-22 09:30:57,717 Result is kept for 600 seconds
2025-01-22 09:30:57,731 home-mantra-mantrastage-bench:long: Job OK (mantratecerpstage.com::dddb5fa5-f6a9-47f7-a661-b5c1e4c626cb)
2025-01-22 09:30:57,732 Result is kept for 600 seconds
2025-01-22 09:30:57,791 home-mantra-mantrastage-bench:default: Job OK (mantratecerpstage.com::scheduled_job::india_compliance.gst_india.utils.e_invoice.retry_e_invoice_e_waybill_generation)
2025-01-22 09:30:57,791 Result is kept for 600 seconds
2025-01-22 09:30:57,813 home-mantra-mantrastage-bench:default: Job OK (mantratecerpstage.com::scheduled_job::india_compliance.gst_india.doctype.purchase_reconciliation_tool.purchase_reconciliation_tool.auto_refresh_authtoken)
2025-01-22 09:30:57,813 Result is kept for 600 seconds
2025-01-22 09:30:59,050 home-mantra-mantrastage-bench:default: Job OK (mantratecerpstage.com::scheduled_job::frappe.twofactor.delete_all_barcodes_for_users)
2025-01-22 09:30:59,050 Result is kept for 600 seconds
2025-01-22 09:32:57,588 home-mantra-mantrastage-bench:default: frappe.utils.background_jobs.execute_job(event=None, is_async=True, job_name='frappe.core.doctype.scheduled_job_type.scheduled_job_type.run_scheduled_jo..., kwargs={'job_type': 'frappe.email.queue.flush'}, method='frappe.core.doctype.scheduled_job_type.scheduled_job_type.run_scheduled_jo..., site='mantratecerpstage.com', user='Administrator') (mantratecerpstage.com::scheduled_job::frappe.email.queue.flush)
2025-01-22 09:32:57,589 home-mantra-mantrastage-bench:default: frappe.utils.background_jobs.execute_job(event=None, is_async=True, job_name='frappe.core.doctype.scheduled_job_type.scheduled_job_type.run_scheduled_jo..., kwargs={'job_type': 'frappe.automation.doctype.reminder.reminder.send_reminders'}, method='frappe.core.doctype.scheduled_job_type.scheduled_job_type.run_scheduled_jo..., site='mantratecerpstage.com', user='Administrator') (mantratecerpstage.com::scheduled_job::frappe.automation.doctype.reminder.reminder.send_reminders)
2025-01-22 09:32:57,591 home-mantra-mantrastage-bench:default: frappe.utils.background_jobs.execute_job(event=None, is_async=True, job_name='frappe.core.doctype.scheduled_job_type.scheduled_job_type.run_scheduled_jo..., kwargs={'job_type': 'hrms.hr.doctype.interview.interview.send_interview_reminder'}, method='frappe.core.doctype.scheduled_job_type.scheduled_job_type.run_scheduled_jo..., site='mantratecerpstage.com', user='Administrator') (mantratecerpstage.com::scheduled_job::hrms.hr.doctype.interview.interview.send_interview_reminder)
2025-01-22 09:32:57,593 home-mantra-mantrastage-bench:default: frappe.utils.background_jobs.execute_job(event=None, is_async=True, job_name='frappe.core.doctype.scheduled_job_type.scheduled_job_type.run_scheduled_jo..., kwargs={'job_type': 'frappe.monitor.flush'}, method='frappe.core.doctype.scheduled_job_type.scheduled_job_type.run_scheduled_jo..., site='mantratecerpstage.com', user='Administrator') (mantratecerpstage.com::scheduled_job::frappe.monitor.flush)
2025-01-22 09:32:57,595 home-mantra-mantrastage-bench:default: frappe.utils.background_jobs.execute_job(event=None, is_async=True, job_name='frappe.core.doctype.scheduled_job_type.scheduled_job_type.run_scheduled_jo..., kwargs={'job_type': 'public_file_all'}, method='frappe.core.doctype.scheduled_job_type.scheduled_job_type.run_scheduled_jo..., site='mantratecerpstage.com', user='Administrator') (mantratecerpstage.com::scheduled_job::public_file_all)
2025-01-22 09:32:57,642 home-mantra-mantrastage-bench:default: Job OK (mantratecerpstage.com::scheduled_job::hrms.hr.doctype.interview.interview.send_interview_reminder)
2025-01-22 09:32:57,642 Result is kept for 600 seconds
2025-01-22 09:32:57,655 home-mantra-mantrastage-bench:default: Job OK (mantratecerpstage.com::scheduled_job::frappe.monitor.flush)
2025-01-22 09:32:57,655 Result is kept for 600 seconds
2025-01-22 09:32:57,667 home-mantra-mantrastage-bench:default: Job OK (mantratecerpstage.com::scheduled_job::frappe.automation.doctype.reminder.reminder.send_reminders)
2025-01-22 09:32:57,667 Result is kept for 600 seconds
2025-01-22 09:32:57,784 home-mantra-mantrastage-bench:default: Job OK (mantratecerpstage.com::scheduled_job::frappe.email.queue.flush)
2025-01-22 09:32:57,784 Result is kept for 600 seconds
2025-01-22 09:32:57,884 home-mantra-mantrastage-bench:default: Job OK (mantratecerpstage.com::scheduled_job::public_file_all)
2025-01-22 09:32:57,884 Result is kept for 600 seconds
2025-01-22 09:33:24,696 home-mantra-mantrastage-bench:short: frappe.utils.background_jobs.execute_job(event=None, is_async=True, job_name='frappe.sendmail', kwargs={'recipients': 'purchase5@mantratec.com', 'sender': None, 'subject': 'Login..., method=<function sendmail at 0x7cfc5b6bdc60>, site='mantratecerpstage.com', user=None) (mantratecerpstage.com::5bfbc389-e6a5-4f74-80ff-9e45c6593f40)
ERROR	PropertyValue: Missing token for production Choice(ColorValue, Dimension, URIValue, Value, variable, MSValue, CSSCalc, function): ('HASH', '#0000001a', 1, 3215)
ERROR	PropertyValue: Unknown syntax or no value: 0 3px 6px #0000001a
ERROR	CSSStyleDeclaration: Syntax Error in Property: box-shadow:0 3px 6px #0000001a
2025-01-22 09:33:31,881 home-mantra-mantrastage-bench:short: Job OK (mantratecerpstage.com::5bfbc389-e6a5-4f74-80ff-9e45c6593f40)
2025-01-22 09:33:31,881 Result is kept for 600 seconds
2025-01-22 09:35:57,968 home-mantra-mantrastage-bench:default: frappe.utils.background_jobs.execute_job(event=None, is_async=True, job_name='frappe.core.doctype.scheduled_job_type.scheduled_job_type.run_scheduled_jo..., kwargs={'job_type': 'mantra_dev.api_code.banck_transaction.get_icici_bank_file'}, method='frappe.core.doctype.scheduled_job_type.scheduled_job_type.run_scheduled_jo..., site='mantratecerpstage.com', user='Administrator') (mantratecerpstage.com::scheduled_job::mantra_dev.api_code.banck_transaction.get_icici_bank_file)
2025-01-22 09:35:57,971 home-mantra-mantrastage-bench:default: frappe.utils.background_jobs.execute_job(event=None, is_async=True, job_name='frappe.core.doctype.scheduled_job_type.scheduled_job_type.run_scheduled_jo..., kwargs={'job_type': 'india_compliance.gst_india.utils.e_invoice.retry_e_invoice_e_..., method='frappe.core.doctype.scheduled_job_type.scheduled_job_type.run_scheduled_jo..., site='mantratecerpstage.com', user='Administrator') (mantratecerpstage.com::scheduled_job::india_compliance.gst_india.utils.e_invoice.retry_e_invoice_e_waybill_generation)
2025-01-22 09:35:58,163 home-mantra-mantrastage-bench:long: frappe.utils.background_jobs.execute_job(event=None, is_async=True, job_name='Beny file process', kwargs={'delimiter': '|'}, method=<function get_bene_file at 0x796b20c80540>, site='mantratecerpstage.com', user='Administrator') (mantratecerpstage.com::4f5e9c81-7a79-41a7-8a44-e633a57cb625)
2025-01-22 09:35:58,163 home-mantra-mantrastage-bench:long: frappe.utils.background_jobs.execute_job(event=None, is_async=True, job_name='ICICI file process', kwargs={'delimiter': '|'}, method=<function get_icici_bank_file_background at 0x796b20c82200>, site='mantratecerpstage.com', user='Administrator') (mantratecerpstage.com::57590d17-a997-459e-8fc0-bd03ded2a5fe)
2025-01-22 09:35:58,166 home-mantra-mantrastage-bench:default: Job OK (mantratecerpstage.com::scheduled_job::mantra_dev.api_code.banck_transaction.get_icici_bank_file)
2025-01-22 09:35:58,166 Result is kept for 600 seconds
2025-01-22 09:35:58,254 home-mantra-mantrastage-bench:long: Job OK (mantratecerpstage.com::4f5e9c81-7a79-41a7-8a44-e633a57cb625)
2025-01-22 09:35:58,254 Result is kept for 600 seconds
2025-01-22 09:35:58,259 home-mantra-mantrastage-bench:long: Job OK (mantratecerpstage.com::57590d17-a997-459e-8fc0-bd03ded2a5fe)
2025-01-22 09:35:58,259 Result is kept for 600 seconds
2025-01-22 09:35:58,331 home-mantra-mantrastage-bench:default: Job OK (mantratecerpstage.com::scheduled_job::india_compliance.gst_india.utils.e_invoice.retry_e_invoice_e_waybill_generation)
2025-01-22 09:35:58,331 Result is kept for 600 seconds
2025-01-22 09:36:58,077 home-mantra-mantrastage-bench:default: frappe.utils.background_jobs.execute_job(event=None, is_async=True, job_name='frappe.core.doctype.scheduled_job_type.scheduled_job_type.run_scheduled_jo..., kwargs={'job_type': 'frappe.email.queue.flush'}, method='frappe.core.doctype.scheduled_job_type.scheduled_job_type.run_scheduled_jo..., site='mantratecerpstage.com', user='Administrator') (mantratecerpstage.com::scheduled_job::frappe.email.queue.flush)
2025-01-22 09:36:58,079 home-mantra-mantrastage-bench:default: frappe.utils.background_jobs.execute_job(event=None, is_async=True, job_name='frappe.core.doctype.scheduled_job_type.scheduled_job_type.run_scheduled_jo..., kwargs={'job_type': 'frappe.automation.doctype.reminder.reminder.send_reminders'}, method='frappe.core.doctype.scheduled_job_type.scheduled_job_type.run_scheduled_jo..., site='mantratecerpstage.com', user='Administrator') (mantratecerpstage.com::scheduled_job::frappe.automation.doctype.reminder.reminder.send_reminders)
2025-01-22 09:36:58,080 home-mantra-mantrastage-bench:default: frappe.utils.background_jobs.execute_job(event=None, is_async=True, job_name='frappe.core.doctype.scheduled_job_type.scheduled_job_type.run_scheduled_jo..., kwargs={'job_type': 'hrms.hr.doctype.interview.interview.send_interview_reminder'}, method='frappe.core.doctype.scheduled_job_type.scheduled_job_type.run_scheduled_jo..., site='mantratecerpstage.com', user='Administrator') (mantratecerpstage.com::scheduled_job::hrms.hr.doctype.interview.interview.send_interview_reminder)
2025-01-22 09:36:58,082 home-mantra-mantrastage-bench:default: frappe.utils.background_jobs.execute_job(event=None, is_async=True, job_name='frappe.core.doctype.scheduled_job_type.scheduled_job_type.run_scheduled_jo..., kwargs={'job_type': 'frappe.monitor.flush'}, method='frappe.core.doctype.scheduled_job_type.scheduled_job_type.run_scheduled_jo..., site='mantratecerpstage.com', user='Administrator') (mantratecerpstage.com::scheduled_job::frappe.monitor.flush)
2025-01-22 09:36:58,084 home-mantra-mantrastage-bench:default: frappe.utils.background_jobs.execute_job(event=None, is_async=True, job_name='frappe.core.doctype.scheduled_job_type.scheduled_job_type.run_scheduled_jo..., kwargs={'job_type': 'public_file_all'}, method='frappe.core.doctype.scheduled_job_type.scheduled_job_type.run_scheduled_jo..., site='mantratecerpstage.com', user='Administrator') (mantratecerpstage.com::scheduled_job::public_file_all)
2025-01-22 09:36:58,126 home-mantra-mantrastage-bench:default: Job OK (mantratecerpstage.com::scheduled_job::hrms.hr.doctype.interview.interview.send_interview_reminder)
2025-01-22 09:36:58,126 Result is kept for 600 seconds
2025-01-22 09:36:58,127 home-mantra-mantrastage-bench:default: Job OK (mantratecerpstage.com::scheduled_job::frappe.monitor.flush)
2025-01-22 09:36:58,127 Result is kept for 600 seconds
2025-01-22 09:36:58,139 home-mantra-mantrastage-bench:default: Job OK (mantratecerpstage.com::scheduled_job::frappe.automation.doctype.reminder.reminder.send_reminders)
2025-01-22 09:36:58,139 Result is kept for 600 seconds
2025-01-22 09:36:58,252 home-mantra-mantrastage-bench:default: Job OK (mantratecerpstage.com::scheduled_job::frappe.email.queue.flush)
2025-01-22 09:36:58,252 Result is kept for 600 seconds
2025-01-22 09:36:58,372 home-mantra-mantrastage-bench:default: Job OK (mantratecerpstage.com::scheduled_job::public_file_all)
2025-01-22 09:36:58,373 Result is kept for 600 seconds
2025-01-22 09:37:32,062 home-mantra-mantrastage-bench:short: frappe.utils.background_jobs.execute_job(event=None, is_async=True, job_name='frappe.sendmail', kwargs={'recipients': 'riddhi.kinariwala@mantraidentity.com', 'sender': None, 'sub..., method=<function sendmail at 0x7cfc5b6bdc60>, site='mantratecerpstage.com', user=None) (mantratecerpstage.com::64c87e64-3792-4c86-830c-958950b3532e)
ERROR	PropertyValue: Missing token for production Choice(ColorValue, Dimension, URIValue, Value, variable, MSValue, CSSCalc, function): ('HASH', '#0000001a', 1, 3215)
ERROR	PropertyValue: Unknown syntax or no value: 0 3px 6px #0000001a
ERROR	CSSStyleDeclaration: Syntax Error in Property: box-shadow:0 3px 6px #0000001a
2025-01-22 09:37:33,997 home-mantra-mantrastage-bench:short: Job OK (mantratecerpstage.com::64c87e64-3792-4c86-830c-958950b3532e)
2025-01-22 09:37:33,997 Result is kept for 600 seconds
2025-01-22 09:40:58,542 home-mantra-mantrastage-bench:default: frappe.utils.background_jobs.execute_job(event=None, is_async=True, job_name='frappe.core.doctype.scheduled_job_type.scheduled_job_type.run_scheduled_jo..., kwargs={'job_type': 'frappe.email.queue.flush'}, method='frappe.core.doctype.scheduled_job_type.scheduled_job_type.run_scheduled_jo..., site='mantratecerpstage.com', user='Administrator') (mantratecerpstage.com::scheduled_job::frappe.email.queue.flush)
2025-01-22 09:40:58,543 home-mantra-mantrastage-bench:default: frappe.utils.background_jobs.execute_job(event=None, is_async=True, job_name='frappe.core.doctype.scheduled_job_type.scheduled_job_type.run_scheduled_jo..., kwargs={'job_type': 'frappe.automation.doctype.reminder.reminder.send_reminders'}, method='frappe.core.doctype.scheduled_job_type.scheduled_job_type.run_scheduled_jo..., site='mantratecerpstage.com', user='Administrator') (mantratecerpstage.com::scheduled_job::frappe.automation.doctype.reminder.reminder.send_reminders)
2025-01-22 09:40:58,546 home-mantra-mantrastage-bench:default: frappe.utils.background_jobs.execute_job(event=None, is_async=True, job_name='frappe.core.doctype.scheduled_job_type.scheduled_job_type.run_scheduled_jo..., kwargs={'job_type': 'hrms.hr.doctype.interview.interview.send_interview_reminder'}, method='frappe.core.doctype.scheduled_job_type.scheduled_job_type.run_scheduled_jo..., site='mantratecerpstage.com', user='Administrator') (mantratecerpstage.com::scheduled_job::hrms.hr.doctype.interview.interview.send_interview_reminder)
2025-01-22 09:40:58,547 home-mantra-mantrastage-bench:default: frappe.utils.background_jobs.execute_job(event=None, is_async=True, job_name='frappe.core.doctype.scheduled_job_type.scheduled_job_type.run_scheduled_jo..., kwargs={'job_type': 'frappe.monitor.flush'}, method='frappe.core.doctype.scheduled_job_type.scheduled_job_type.run_scheduled_jo..., site='mantratecerpstage.com', user='Administrator') (mantratecerpstage.com::scheduled_job::frappe.monitor.flush)
2025-01-22 09:40:58,548 home-mantra-mantrastage-bench:default: frappe.utils.background_jobs.execute_job(event=None, is_async=True, job_name='frappe.core.doctype.scheduled_job_type.scheduled_job_type.run_scheduled_jo..., kwargs={'job_type': 'public_file_all'}, method='frappe.core.doctype.scheduled_job_type.scheduled_job_type.run_scheduled_jo..., site='mantratecerpstage.com', user='Administrator') (mantratecerpstage.com::scheduled_job::public_file_all)
2025-01-22 09:40:58,551 home-mantra-mantrastage-bench:default: frappe.utils.background_jobs.execute_job(event=None, is_async=True, job_name='frappe.core.doctype.scheduled_job_type.scheduled_job_type.run_scheduled_jo..., kwargs={'job_type': 'mantra_dev.api_code.banck_transaction.get_icici_bank_file'}, method='frappe.core.doctype.scheduled_job_type.scheduled_job_type.run_scheduled_jo..., site='mantratecerpstage.com', user='Administrator') (mantratecerpstage.com::scheduled_job::mantra_dev.api_code.banck_transaction.get_icici_bank_file)
2025-01-22 09:40:58,555 home-mantra-mantrastage-bench:default: frappe.utils.background_jobs.execute_job(event=None, is_async=True, job_name='frappe.core.doctype.scheduled_job_type.scheduled_job_type.run_scheduled_jo..., kwargs={'job_type': 'india_compliance.gst_india.utils.e_invoice.retry_e_invoice_e_..., method='frappe.core.doctype.scheduled_job_type.scheduled_job_type.run_scheduled_jo..., site='mantratecerpstage.com', user='Administrator') (mantratecerpstage.com::scheduled_job::india_compliance.gst_india.utils.e_invoice.retry_e_invoice_e_waybill_generation)
2025-01-22 09:40:58,561 home-mantra-mantrastage-bench:default: frappe.utils.background_jobs.execute_job(event=None, is_async=True, job_name='frappe.core.doctype.scheduled_job_type.scheduled_job_type.run_scheduled_jo..., kwargs={'job_type': 'india_compliance.gst_india.doctype.purchase_reconciliation_to..., method='frappe.core.doctype.scheduled_job_type.scheduled_job_type.run_scheduled_jo..., site='mantratecerpstage.com', user='Administrator') (mantratecerpstage.com::scheduled_job::india_compliance.gst_india.doctype.purchase_reconciliation_tool.purchase_reconciliation_tool.auto_refresh_authtoken)
2025-01-22 09:40:58,568 home-mantra-mantrastage-bench:default: frappe.utils.background_jobs.execute_job(event=None, is_async=True, job_name='frappe.core.doctype.scheduled_job_type.scheduled_job_type.run_scheduled_jo..., kwargs={'job_type': 'frappe.email.doctype.email_account.email_account.pull'}, method='frappe.core.doctype.scheduled_job_type.scheduled_job_type.run_scheduled_jo..., site='mantratecerpstage.com', user='Administrator') (mantratecerpstage.com::scheduled_job::frappe.email.doctype.email_account.email_account.pull)
2025-01-22 09:40:58,601 home-mantra-mantrastage-bench:default: Job OK (mantratecerpstage.com::scheduled_job::hrms.hr.doctype.interview.interview.send_interview_reminder)
2025-01-22 09:40:58,601 Result is kept for 600 seconds
2025-01-22 09:40:58,601 home-mantra-mantrastage-bench:default: Job OK (mantratecerpstage.com::scheduled_job::frappe.monitor.flush)
2025-01-22 09:40:58,601 Result is kept for 600 seconds
2025-01-22 09:40:58,620 home-mantra-mantrastage-bench:default: Job OK (mantratecerpstage.com::scheduled_job::frappe.automation.doctype.reminder.reminder.send_reminders)
2025-01-22 09:40:58,620 Result is kept for 600 seconds
2025-01-22 09:40:58,744 home-mantra-mantrastage-bench:default: Job OK (mantratecerpstage.com::scheduled_job::frappe.email.doctype.email_account.email_account.pull)
2025-01-22 09:40:58,744 Result is kept for 600 seconds
2025-01-22 09:40:58,780 home-mantra-mantrastage-bench:default: Job OK (mantratecerpstage.com::scheduled_job::frappe.email.queue.flush)
2025-01-22 09:40:58,780 Result is kept for 600 seconds
2025-01-22 09:40:58,797 home-mantra-mantrastage-bench:long: frappe.utils.background_jobs.execute_job(event=None, is_async=True, job_name='Beny file process', kwargs={'delimiter': '|'}, method=<function get_bene_file at 0x7f0393e60220>, site='mantratecerpstage.com', user='Administrator') (mantratecerpstage.com::f2c737a9-4e11-40dd-94c5-9913e43f025e)
2025-01-22 09:40:58,798 home-mantra-mantrastage-bench:long: frappe.utils.background_jobs.execute_job(event=None, is_async=True, job_name='ICICI file process', kwargs={'delimiter': '|'}, method=<function get_icici_bank_file_background at 0x7f0393e61ee0>, site='mantratecerpstage.com', user='Administrator') (mantratecerpstage.com::ab088e65-8611-4d9a-b94c-f83610e44c63)
2025-01-22 09:40:58,798 home-mantra-mantrastage-bench:default: Job OK (mantratecerpstage.com::scheduled_job::public_file_all)
2025-01-22 09:40:58,798 Result is kept for 600 seconds
2025-01-22 09:40:58,802 home-mantra-mantrastage-bench:default: Job OK (mantratecerpstage.com::scheduled_job::mantra_dev.api_code.banck_transaction.get_icici_bank_file)
2025-01-22 09:40:58,802 Result is kept for 600 seconds
2025-01-22 09:40:58,909 home-mantra-mantrastage-bench:long: Job OK (mantratecerpstage.com::f2c737a9-4e11-40dd-94c5-9913e43f025e)
2025-01-22 09:40:58,909 Result is kept for 600 seconds
2025-01-22 09:40:58,913 home-mantra-mantrastage-bench:long: Job OK (mantratecerpstage.com::ab088e65-8611-4d9a-b94c-f83610e44c63)
2025-01-22 09:40:58,914 Result is kept for 600 seconds
2025-01-22 09:40:58,981 home-mantra-mantrastage-bench:default: Job OK (mantratecerpstage.com::scheduled_job::india_compliance.gst_india.utils.e_invoice.retry_e_invoice_e_waybill_generation)
2025-01-22 09:40:58,981 Result is kept for 600 seconds
2025-01-22 09:40:58,983 home-mantra-mantrastage-bench:default: Job OK (mantratecerpstage.com::scheduled_job::india_compliance.gst_india.doctype.purchase_reconciliation_tool.purchase_reconciliation_tool.auto_refresh_authtoken)
2025-01-22 09:40:58,983 Result is kept for 600 seconds
2025-01-22 09:41:07,256 home-mantra-mantrastage-bench:long: frappe.utils.background_jobs.execute_job(event=None, is_async=True, job_name='Repost v2kiec3h3f', kwargs={'doc': <RepostItemValuation: v2kiec3h3f docstatus=1>}, method=<function repost at 0x7cfc4ffc0540>, site='mantratecerpstage.com', user='Guest') (mantratecerpstage.com::773443a5-24d4-4569-a65b-b93140c1e302)
2025-01-22 09:41:07,257 home-mantra-mantrastage-bench:long: frappe.utils.background_jobs.execute_job(event=None, is_async=True, job_name='Delete Repost Entries v2kiec3h3f', kwargs={'doc_name': 'v2kiec3h3f'}, method=<function delete_entry_from_error_log at 0x7cfc4ffc19e0>, site='mantratecerpstage.com', user='Guest') (mantratecerpstage.com::1943f573-e654-4c49-810a-518b3b5dd91c)
2025-01-22 09:41:07,282 home-mantra-mantrastage-bench:long: Job OK (mantratecerpstage.com::1943f573-e654-4c49-810a-518b3b5dd91c)
2025-01-22 09:41:07,282 Result is kept for 600 seconds
2025-01-22 09:41:57,490 [Job mantratecerpstage.com::773443a5-24d4-4569-a65b-b93140c1e302]: exception raised while executing (frappe.utils.background_jobs.execute_job)
Traceback (most recent call last):
  File "/home/mantra/mantrastage-bench/apps/frappe/frappe/database/database.py", line 234, in sql
    self._cursor.execute(query, values)
  File "/home/mantra/mantrastage-bench/env/lib/python3.11/site-packages/pymysql/cursors.py", line 153, in execute
    result = self._query(query)
             ^^^^^^^^^^^^^^^^^^
  File "/home/mantra/mantrastage-bench/env/lib/python3.11/site-packages/pymysql/cursors.py", line 322, in _query
    conn.query(q)
  File "/home/mantra/mantrastage-bench/env/lib/python3.11/site-packages/pymysql/connections.py", line 563, in query
    self._affected_rows = self._read_query_result(unbuffered=unbuffered)
                          ^^^^^^^^^^^^^^^^^^^^^^^^^^^^^^^^^^^^^^^^^^^^^^
  File "/home/mantra/mantrastage-bench/env/lib/python3.11/site-packages/pymysql/connections.py", line 825, in _read_query_result
    result.read()
  File "/home/mantra/mantrastage-bench/env/lib/python3.11/site-packages/pymysql/connections.py", line 1206, in read
    self._read_result_packet(first_packet)
  File "/home/mantra/mantrastage-bench/env/lib/python3.11/site-packages/pymysql/connections.py", line 1283, in _read_result_packet
    self._read_rowdata_packet()
  File "/home/mantra/mantrastage-bench/env/lib/python3.11/site-packages/pymysql/connections.py", line 1330, in _read_rowdata_packet
    packet = self.connection._read_packet()
             ^^^^^^^^^^^^^^^^^^^^^^^^^^^^^^
  File "/home/mantra/mantrastage-bench/env/lib/python3.11/site-packages/pymysql/connections.py", line 775, in _read_packet
    packet.raise_for_error()
  File "/home/mantra/mantrastage-bench/env/lib/python3.11/site-packages/pymysql/protocol.py", line 219, in raise_for_error
    err.raise_mysql_exception(self._data)
  File "/home/mantra/mantrastage-bench/env/lib/python3.11/site-packages/pymysql/err.py", line 150, in raise_mysql_exception
    raise errorclass(errno, errval)
pymysql.err.OperationalError: (1205, 'Lock wait timeout exceeded; try restarting transaction')

The above exception was the direct cause of the following exception:

Traceback (most recent call last):
  File "/home/mantra/mantrastage-bench/apps/mantra_dev/mantra_dev/backend_code/reposting2.py", line 199, in repost
    repost_sl_entries(doc)
  File "/home/mantra/mantrastage-bench/apps/mantra_dev/mantra_dev/backend_code/reposting2.py", line 381, in repost_sl_entries
    repost_future_sle(
  File "/home/mantra/mantrastage-bench/apps/erpnext/erpnext/stock/stock_ledger.py", line 263, in repost_future_sle
    obj = update_entries_after(
          ^^^^^^^^^^^^^^^^^^^^^
  File "/home/mantra/mantrastage-bench/apps/erpnext/erpnext/stock/stock_ledger.py", line 560, in __init__
    self.initialize_previous_data(self.args)
  File "/home/mantra/mantrastage-bench/apps/erpnext/erpnext/stock/stock_ledger.py", line 591, in initialize_previous_data
    previous_sle = get_previous_sle_of_current_voucher(args)
                   ^^^^^^^^^^^^^^^^^^^^^^^^^^^^^^^^^^^^^^^^^
  File "/home/mantra/mantrastage-bench/apps/erpnext/erpnext/stock/stock_ledger.py", line 1535, in get_previous_sle_of_current_voucher
    sle = frappe.db.sql(
          ^^^^^^^^^^^^^^
  File "/home/mantra/mantrastage-bench/apps/frappe/frappe/database/database.py", line 243, in sql
    raise frappe.QueryTimeoutError(e) from e
frappe.exceptions.QueryTimeoutError: (1205, 'Lock wait timeout exceeded; try restarting transaction')

During handling of the above exception, another exception occurred:

Traceback (most recent call last):
  File "/home/mantra/mantrastage-bench/env/lib/python3.11/site-packages/rq/worker.py", line 1428, in perform_job
    rv = job.perform()
         ^^^^^^^^^^^^^
  File "/home/mantra/mantrastage-bench/env/lib/python3.11/site-packages/rq/job.py", line 1278, in perform
    self._result = self._execute()
                   ^^^^^^^^^^^^^^^
  File "/home/mantra/mantrastage-bench/env/lib/python3.11/site-packages/rq/job.py", line 1315, in _execute
    result = self.func(*self.args, **self.kwargs)
             ^^^^^^^^^^^^^^^^^^^^^^^^^^^^^^^^^^^^
  File "/home/mantra/mantrastage-bench/apps/frappe/frappe/utils/background_jobs.py", line 220, in execute_job
    retval = method(**kwargs)
             ^^^^^^^^^^^^^^^^
  File "/home/mantra/mantrastage-bench/apps/frappe/frappe/utils/typing_validations.py", line 31, in wrapper
    return func(*args, **kwargs)
           ^^^^^^^^^^^^^^^^^^^^^
  File "/home/mantra/mantrastage-bench/apps/mantra_dev/mantra_dev/backend_code/reposting2.py", line 229, in repost
    message = "{} <br><br> {}".format(message,str(traceback.format_exc()))
                                                  ^^^^^^^^^^^^^^^^^^^^
AttributeError: 'str' object has no attribute 'format_exc'

2025-01-22 09:42:00,492 home-mantra-mantrastage-bench:short: frappe.utils.background_jobs.execute_job(event=None, is_async=True, job_name='frappe.sendmail', kwargs={'recipients': 'scm1@mantratec.com', 'sender': None, 'subject': 'Login Veri..., method=<function sendmail at 0x7cfc5b6bdc60>, site='mantratecerpstage.com', user=None) (mantratecerpstage.com::b8b39304-5ccd-4055-8061-91622b40bfed)
ERROR	PropertyValue: Missing token for production Choice(ColorValue, Dimension, URIValue, Value, variable, MSValue, CSSCalc, function): ('HASH', '#0000001a', 1, 3215)
ERROR	PropertyValue: Unknown syntax or no value: 0 3px 6px #0000001a
ERROR	CSSStyleDeclaration: Syntax Error in Property: box-shadow:0 3px 6px #0000001a
2025-01-22 09:42:02,887 home-mantra-mantrastage-bench:short: Job OK (mantratecerpstage.com::b8b39304-5ccd-4055-8061-91622b40bfed)
2025-01-22 09:42:02,887 Result is kept for 600 seconds
2025-01-22 09:42:07,351 home-mantra-mantrastage-bench:long: frappe.utils.background_jobs.execute_job(event=None, is_async=True, job_name='Repost 3qtdg3kn7v', kwargs={'doc': <RepostItemValuation: 3qtdg3kn7v docstatus=1>}, method=<function repost at 0x7cfc4ffc0540>, site='mantratecerpstage.com', user='Guest') (mantratecerpstage.com::6d663d31-5b19-4525-a75a-1bc98f2ab8db)
2025-01-22 09:42:07,353 home-mantra-mantrastage-bench:long: frappe.utils.background_jobs.execute_job(event=None, is_async=True, job_name='Delete Repost Entries 3qtdg3kn7v', kwargs={'doc_name': '3qtdg3kn7v'}, method=<function delete_entry_from_error_log at 0x7cfc4ffc19e0>, site='mantratecerpstage.com', user='Guest') (mantratecerpstage.com::a3e36d10-1511-44d0-b6ba-86493d71ab40)
2025-01-22 09:42:07,378 home-mantra-mantrastage-bench:long: Job OK (mantratecerpstage.com::a3e36d10-1511-44d0-b6ba-86493d71ab40)
2025-01-22 09:42:07,378 Result is kept for 600 seconds
2025-01-22 09:42:57,577 [Job mantratecerpstage.com::6d663d31-5b19-4525-a75a-1bc98f2ab8db]: exception raised while executing (frappe.utils.background_jobs.execute_job)
Traceback (most recent call last):
  File "/home/mantra/mantrastage-bench/apps/frappe/frappe/database/database.py", line 234, in sql
    self._cursor.execute(query, values)
  File "/home/mantra/mantrastage-bench/env/lib/python3.11/site-packages/pymysql/cursors.py", line 153, in execute
    result = self._query(query)
             ^^^^^^^^^^^^^^^^^^
  File "/home/mantra/mantrastage-bench/env/lib/python3.11/site-packages/pymysql/cursors.py", line 322, in _query
    conn.query(q)
  File "/home/mantra/mantrastage-bench/env/lib/python3.11/site-packages/pymysql/connections.py", line 563, in query
    self._affected_rows = self._read_query_result(unbuffered=unbuffered)
                          ^^^^^^^^^^^^^^^^^^^^^^^^^^^^^^^^^^^^^^^^^^^^^^
  File "/home/mantra/mantrastage-bench/env/lib/python3.11/site-packages/pymysql/connections.py", line 825, in _read_query_result
    result.read()
  File "/home/mantra/mantrastage-bench/env/lib/python3.11/site-packages/pymysql/connections.py", line 1206, in read
    self._read_result_packet(first_packet)
  File "/home/mantra/mantrastage-bench/env/lib/python3.11/site-packages/pymysql/connections.py", line 1283, in _read_result_packet
    self._read_rowdata_packet()
  File "/home/mantra/mantrastage-bench/env/lib/python3.11/site-packages/pymysql/connections.py", line 1330, in _read_rowdata_packet
    packet = self.connection._read_packet()
             ^^^^^^^^^^^^^^^^^^^^^^^^^^^^^^
  File "/home/mantra/mantrastage-bench/env/lib/python3.11/site-packages/pymysql/connections.py", line 775, in _read_packet
    packet.raise_for_error()
  File "/home/mantra/mantrastage-bench/env/lib/python3.11/site-packages/pymysql/protocol.py", line 219, in raise_for_error
    err.raise_mysql_exception(self._data)
  File "/home/mantra/mantrastage-bench/env/lib/python3.11/site-packages/pymysql/err.py", line 150, in raise_mysql_exception
    raise errorclass(errno, errval)
pymysql.err.OperationalError: (1205, 'Lock wait timeout exceeded; try restarting transaction')

The above exception was the direct cause of the following exception:

Traceback (most recent call last):
  File "/home/mantra/mantrastage-bench/apps/mantra_dev/mantra_dev/backend_code/reposting2.py", line 199, in repost
    repost_sl_entries(doc)
  File "/home/mantra/mantrastage-bench/apps/mantra_dev/mantra_dev/backend_code/reposting2.py", line 381, in repost_sl_entries
    repost_future_sle(
  File "/home/mantra/mantrastage-bench/apps/erpnext/erpnext/stock/stock_ledger.py", line 263, in repost_future_sle
    obj = update_entries_after(
          ^^^^^^^^^^^^^^^^^^^^^
  File "/home/mantra/mantrastage-bench/apps/erpnext/erpnext/stock/stock_ledger.py", line 560, in __init__
    self.initialize_previous_data(self.args)
  File "/home/mantra/mantrastage-bench/apps/erpnext/erpnext/stock/stock_ledger.py", line 591, in initialize_previous_data
    previous_sle = get_previous_sle_of_current_voucher(args)
                   ^^^^^^^^^^^^^^^^^^^^^^^^^^^^^^^^^^^^^^^^^
  File "/home/mantra/mantrastage-bench/apps/erpnext/erpnext/stock/stock_ledger.py", line 1535, in get_previous_sle_of_current_voucher
    sle = frappe.db.sql(
          ^^^^^^^^^^^^^^
  File "/home/mantra/mantrastage-bench/apps/frappe/frappe/database/database.py", line 243, in sql
    raise frappe.QueryTimeoutError(e) from e
frappe.exceptions.QueryTimeoutError: (1205, 'Lock wait timeout exceeded; try restarting transaction')

During handling of the above exception, another exception occurred:

Traceback (most recent call last):
  File "/home/mantra/mantrastage-bench/env/lib/python3.11/site-packages/rq/worker.py", line 1428, in perform_job
    rv = job.perform()
         ^^^^^^^^^^^^^
  File "/home/mantra/mantrastage-bench/env/lib/python3.11/site-packages/rq/job.py", line 1278, in perform
    self._result = self._execute()
                   ^^^^^^^^^^^^^^^
  File "/home/mantra/mantrastage-bench/env/lib/python3.11/site-packages/rq/job.py", line 1315, in _execute
    result = self.func(*self.args, **self.kwargs)
             ^^^^^^^^^^^^^^^^^^^^^^^^^^^^^^^^^^^^
  File "/home/mantra/mantrastage-bench/apps/frappe/frappe/utils/background_jobs.py", line 220, in execute_job
    retval = method(**kwargs)
             ^^^^^^^^^^^^^^^^
  File "/home/mantra/mantrastage-bench/apps/frappe/frappe/utils/typing_validations.py", line 31, in wrapper
    return func(*args, **kwargs)
           ^^^^^^^^^^^^^^^^^^^^^
  File "/home/mantra/mantrastage-bench/apps/mantra_dev/mantra_dev/backend_code/reposting2.py", line 229, in repost
    message = "{} <br><br> {}".format(message,str(traceback.format_exc()))
                                                  ^^^^^^^^^^^^^^^^^^^^
AttributeError: 'str' object has no attribute 'format_exc'

2025-01-22 09:43:07,464 home-mantra-mantrastage-bench:long: frappe.utils.background_jobs.execute_job(event=None, is_async=True, job_name='Repost 3qte1q7ui7', kwargs={'doc': <RepostItemValuation: 3qte1q7ui7 docstatus=1>}, method=<function repost at 0x7cfc4ffc0540>, site='mantratecerpstage.com', user='Guest') (mantratecerpstage.com::733b3d2e-e736-4933-a4be-292af6b9af14)
2025-01-22 09:43:07,465 home-mantra-mantrastage-bench:long: frappe.utils.background_jobs.execute_job(event=None, is_async=True, job_name='Delete Repost Entries 3qte1q7ui7', kwargs={'doc_name': '3qte1q7ui7'}, method=<function delete_entry_from_error_log at 0x7cfc4ffc19e0>, site='mantratecerpstage.com', user='Guest') (mantratecerpstage.com::3f4e8694-5861-49d7-bfec-efbab2e68e8b)
2025-01-22 09:43:07,490 home-mantra-mantrastage-bench:long: Job OK (mantratecerpstage.com::3f4e8694-5861-49d7-bfec-efbab2e68e8b)
2025-01-22 09:43:07,490 Result is kept for 600 seconds
2025-01-22 09:43:10,751 home-mantra-mantrastage-bench:long: frappe.utils.background_jobs.execute_job(event=None, is_async=True, job_name='frappe.core.doctype.prepared_report.prepared_report.generate_report', kwargs={'prepared_report': '8or3ltfhdm'}, method=<function generate_report at 0x7cfc58239120>, site='mantratecerpstage.com', user='dhruv.gohil@mantratec.com') (mantratecerpstage.com::331f1fe3-a86d-448c-8e4c-7581415cb0c1)
2025-01-22 09:43:13,042 home-mantra-mantrastage-bench:long: Job OK (mantratecerpstage.com::331f1fe3-a86d-448c-8e4c-7581415cb0c1)
2025-01-22 09:43:13,042 Result is kept for 600 seconds
2025-01-22 09:43:13,045 Cleaning registries for queue: home-mantra-mantrastage-bench:long
2025-01-22 09:44:07,518 home-mantra-mantrastage-bench:long: frappe.utils.background_jobs.execute_job(event=None, is_async=True, job_name='Repost 3qte75m0ce', kwargs={'doc': <RepostItemValuation: 3qte75m0ce docstatus=1>}, method=<function repost at 0x7cfc4ffc0540>, site='mantratecerpstage.com', user='Guest') (mantratecerpstage.com::6f411ed2-2f60-4eb8-802a-443e7f595d18)
2025-01-22 09:44:07,518 home-mantra-mantrastage-bench:long: frappe.utils.background_jobs.execute_job(event=None, is_async=True, job_name='Delete Repost Entries 3qte75m0ce', kwargs={'doc_name': '3qte75m0ce'}, method=<function delete_entry_from_error_log at 0x7cfc4ffc19e0>, site='mantratecerpstage.com', user='Guest') (mantratecerpstage.com::35686e19-3402-4405-80c7-68dec7b7cf60)
2025-01-22 09:44:07,547 home-mantra-mantrastage-bench:long: Job OK (mantratecerpstage.com::35686e19-3402-4405-80c7-68dec7b7cf60)
2025-01-22 09:44:07,547 Result is kept for 600 seconds
2025-01-22 09:44:11,407 home-mantra-mantrastage-bench:short: frappe.utils.background_jobs.execute_job(event=None, is_async=True, job_name='frappe.sendmail', kwargs={'recipients': 'dispatch.2@mantratec.com', 'sender': None, 'subject': 'Logi..., method=<function sendmail at 0x7cfc5b6bdc60>, site='mantratecerpstage.com', user=None) (mantratecerpstage.com::8b05014e-ed5d-4833-92c5-6e01d765f28f)
ERROR	PropertyValue: Missing token for production Choice(ColorValue, Dimension, URIValue, Value, variable, MSValue, CSSCalc, function): ('HASH', '#0000001a', 1, 3215)
ERROR	PropertyValue: Unknown syntax or no value: 0 3px 6px #0000001a
ERROR	CSSStyleDeclaration: Syntax Error in Property: box-shadow:0 3px 6px #0000001a
2025-01-22 09:44:13,623 home-mantra-mantrastage-bench:short: Job OK (mantratecerpstage.com::8b05014e-ed5d-4833-92c5-6e01d765f28f)
2025-01-22 09:44:13,623 Result is kept for 600 seconds
2025-01-22 09:44:43,752 home-mantra-mantrastage-bench:short: frappe.utils.background_jobs.execute_job(event=None, is_async=True, job_name='frappe.sendmail', kwargs={'recipients': 'riddhi.kinariwala@mantraidentity.com', 'sender': None, 'sub..., method=<function sendmail at 0x7cfc5b6bdc60>, site='mantratecerpstage.com', user=None) (mantratecerpstage.com::9f421c17-a209-4cf6-b032-e844eb74c3e4)
ERROR	PropertyValue: Missing token for production Choice(ColorValue, Dimension, URIValue, Value, variable, MSValue, CSSCalc, function): ('HASH', '#0000001a', 1, 3215)
ERROR	PropertyValue: Unknown syntax or no value: 0 3px 6px #0000001a
ERROR	CSSStyleDeclaration: Syntax Error in Property: box-shadow:0 3px 6px #0000001a
2025-01-22 09:44:45,722 home-mantra-mantrastage-bench:short: Job OK (mantratecerpstage.com::9f421c17-a209-4cf6-b032-e844eb74c3e4)
2025-01-22 09:44:45,722 Result is kept for 600 seconds
2025-01-22 09:44:59,064 home-mantra-mantrastage-bench:default: frappe.utils.background_jobs.execute_job(event=None, is_async=True, job_name='frappe.core.doctype.scheduled_job_type.scheduled_job_type.run_scheduled_jo..., kwargs={'job_type': 'frappe.email.queue.flush'}, method='frappe.core.doctype.scheduled_job_type.scheduled_job_type.run_scheduled_jo..., site='mantratecerpstage.com', user='Administrator') (mantratecerpstage.com::scheduled_job::frappe.email.queue.flush)
2025-01-22 09:44:59,066 home-mantra-mantrastage-bench:default: frappe.utils.background_jobs.execute_job(event=None, is_async=True, job_name='frappe.core.doctype.scheduled_job_type.scheduled_job_type.run_scheduled_jo..., kwargs={'job_type': 'frappe.automation.doctype.reminder.reminder.send_reminders'}, method='frappe.core.doctype.scheduled_job_type.scheduled_job_type.run_scheduled_jo..., site='mantratecerpstage.com', user='Administrator') (mantratecerpstage.com::scheduled_job::frappe.automation.doctype.reminder.reminder.send_reminders)
2025-01-22 09:44:59,067 home-mantra-mantrastage-bench:default: frappe.utils.background_jobs.execute_job(event=None, is_async=True, job_name='frappe.core.doctype.scheduled_job_type.scheduled_job_type.run_scheduled_jo..., kwargs={'job_type': 'hrms.hr.doctype.interview.interview.send_interview_reminder'}, method='frappe.core.doctype.scheduled_job_type.scheduled_job_type.run_scheduled_jo..., site='mantratecerpstage.com', user='Administrator') (mantratecerpstage.com::scheduled_job::hrms.hr.doctype.interview.interview.send_interview_reminder)
2025-01-22 09:44:59,069 home-mantra-mantrastage-bench:default: frappe.utils.background_jobs.execute_job(event=None, is_async=True, job_name='frappe.core.doctype.scheduled_job_type.scheduled_job_type.run_scheduled_jo..., kwargs={'job_type': 'frappe.monitor.flush'}, method='frappe.core.doctype.scheduled_job_type.scheduled_job_type.run_scheduled_jo..., site='mantratecerpstage.com', user='Administrator') (mantratecerpstage.com::scheduled_job::frappe.monitor.flush)
2025-01-22 09:44:59,071 home-mantra-mantrastage-bench:default: frappe.utils.background_jobs.execute_job(event=None, is_async=True, job_name='frappe.core.doctype.scheduled_job_type.scheduled_job_type.run_scheduled_jo..., kwargs={'job_type': 'public_file_all'}, method='frappe.core.doctype.scheduled_job_type.scheduled_job_type.run_scheduled_jo..., site='mantratecerpstage.com', user='Administrator') (mantratecerpstage.com::scheduled_job::public_file_all)
2025-01-22 09:44:59,134 home-mantra-mantrastage-bench:default: Job OK (mantratecerpstage.com::scheduled_job::frappe.monitor.flush)
2025-01-22 09:44:59,134 Result is kept for 600 seconds
2025-01-22 09:44:59,134 home-mantra-mantrastage-bench:default: Job OK (mantratecerpstage.com::scheduled_job::hrms.hr.doctype.interview.interview.send_interview_reminder)
2025-01-22 09:44:59,134 Result is kept for 600 seconds
2025-01-22 09:44:59,150 home-mantra-mantrastage-bench:default: Job OK (mantratecerpstage.com::scheduled_job::frappe.automation.doctype.reminder.reminder.send_reminders)
2025-01-22 09:44:59,150 Result is kept for 600 seconds
2025-01-22 09:44:59,244 home-mantra-mantrastage-bench:default: Job OK (mantratecerpstage.com::scheduled_job::frappe.email.queue.flush)
2025-01-22 09:44:59,244 Result is kept for 600 seconds
2025-01-22 09:44:59,375 home-mantra-mantrastage-bench:default: Job OK (mantratecerpstage.com::scheduled_job::public_file_all)
2025-01-22 09:44:59,376 Result is kept for 600 seconds
2025-01-22 09:45:13,808 [Job mantratecerpstage.com::6f411ed2-2f60-4eb8-802a-443e7f595d18]: exception raised while executing (frappe.utils.background_jobs.execute_job)
Traceback (most recent call last):
  File "/home/mantra/mantrastage-bench/apps/frappe/frappe/database/database.py", line 234, in sql
    self._cursor.execute(query, values)
  File "/home/mantra/mantrastage-bench/env/lib/python3.11/site-packages/pymysql/cursors.py", line 153, in execute
    result = self._query(query)
             ^^^^^^^^^^^^^^^^^^
  File "/home/mantra/mantrastage-bench/env/lib/python3.11/site-packages/pymysql/cursors.py", line 322, in _query
    conn.query(q)
  File "/home/mantra/mantrastage-bench/env/lib/python3.11/site-packages/pymysql/connections.py", line 563, in query
    self._affected_rows = self._read_query_result(unbuffered=unbuffered)
                          ^^^^^^^^^^^^^^^^^^^^^^^^^^^^^^^^^^^^^^^^^^^^^^
  File "/home/mantra/mantrastage-bench/env/lib/python3.11/site-packages/pymysql/connections.py", line 825, in _read_query_result
    result.read()
  File "/home/mantra/mantrastage-bench/env/lib/python3.11/site-packages/pymysql/connections.py", line 1206, in read
    self._read_result_packet(first_packet)
  File "/home/mantra/mantrastage-bench/env/lib/python3.11/site-packages/pymysql/connections.py", line 1283, in _read_result_packet
    self._read_rowdata_packet()
  File "/home/mantra/mantrastage-bench/env/lib/python3.11/site-packages/pymysql/connections.py", line 1330, in _read_rowdata_packet
    packet = self.connection._read_packet()
             ^^^^^^^^^^^^^^^^^^^^^^^^^^^^^^
  File "/home/mantra/mantrastage-bench/env/lib/python3.11/site-packages/pymysql/connections.py", line 775, in _read_packet
    packet.raise_for_error()
  File "/home/mantra/mantrastage-bench/env/lib/python3.11/site-packages/pymysql/protocol.py", line 219, in raise_for_error
    err.raise_mysql_exception(self._data)
  File "/home/mantra/mantrastage-bench/env/lib/python3.11/site-packages/pymysql/err.py", line 150, in raise_mysql_exception
    raise errorclass(errno, errval)
pymysql.err.OperationalError: (1205, 'Lock wait timeout exceeded; try restarting transaction')

The above exception was the direct cause of the following exception:

Traceback (most recent call last):
  File "/home/mantra/mantrastage-bench/apps/mantra_dev/mantra_dev/backend_code/reposting2.py", line 199, in repost
    repost_sl_entries(doc)
  File "/home/mantra/mantrastage-bench/apps/mantra_dev/mantra_dev/backend_code/reposting2.py", line 381, in repost_sl_entries
    repost_future_sle(
  File "/home/mantra/mantrastage-bench/apps/erpnext/erpnext/stock/stock_ledger.py", line 263, in repost_future_sle
    obj = update_entries_after(
          ^^^^^^^^^^^^^^^^^^^^^
  File "/home/mantra/mantrastage-bench/apps/erpnext/erpnext/stock/stock_ledger.py", line 561, in __init__
    self.build()
  File "/home/mantra/mantrastage-bench/apps/erpnext/erpnext/stock/stock_ledger.py", line 613, in build
    entries_to_fix = self.get_future_entries_to_fix()
                     ^^^^^^^^^^^^^^^^^^^^^^^^^^^^^^^^
  File "/home/mantra/mantrastage-bench/apps/erpnext/erpnext/stock/stock_ledger.py", line 665, in get_future_entries_to_fix
    return list(self.get_sle_after_datetime(args))
                ^^^^^^^^^^^^^^^^^^^^^^^^^^^^^^^^^
  File "/home/mantra/mantrastage-bench/apps/erpnext/erpnext/stock/stock_ledger.py", line 1445, in get_sle_after_datetime
    return get_stock_ledger_entries(args, ">", "asc", for_update=True, check_serial_no=False)
           ^^^^^^^^^^^^^^^^^^^^^^^^^^^^^^^^^^^^^^^^^^^^^^^^^^^^^^^^^^^^^^^^^^^^^^^^^^^^^^^^^^
  File "/home/mantra/mantrastage-bench/apps/erpnext/erpnext/stock/stock_ledger.py", line 1632, in get_stock_ledger_entries
    return frappe.db.sql(
           ^^^^^^^^^^^^^^
  File "/home/mantra/mantrastage-bench/apps/frappe/frappe/database/database.py", line 243, in sql
    raise frappe.QueryTimeoutError(e) from e
frappe.exceptions.QueryTimeoutError: (1205, 'Lock wait timeout exceeded; try restarting transaction')

During handling of the above exception, another exception occurred:

Traceback (most recent call last):
  File "/home/mantra/mantrastage-bench/env/lib/python3.11/site-packages/rq/worker.py", line 1428, in perform_job
    rv = job.perform()
         ^^^^^^^^^^^^^
  File "/home/mantra/mantrastage-bench/env/lib/python3.11/site-packages/rq/job.py", line 1278, in perform
    self._result = self._execute()
                   ^^^^^^^^^^^^^^^
  File "/home/mantra/mantrastage-bench/env/lib/python3.11/site-packages/rq/job.py", line 1315, in _execute
    result = self.func(*self.args, **self.kwargs)
             ^^^^^^^^^^^^^^^^^^^^^^^^^^^^^^^^^^^^
  File "/home/mantra/mantrastage-bench/apps/frappe/frappe/utils/background_jobs.py", line 220, in execute_job
    retval = method(**kwargs)
             ^^^^^^^^^^^^^^^^
  File "/home/mantra/mantrastage-bench/apps/frappe/frappe/utils/typing_validations.py", line 31, in wrapper
    return func(*args, **kwargs)
           ^^^^^^^^^^^^^^^^^^^^^
  File "/home/mantra/mantrastage-bench/apps/mantra_dev/mantra_dev/backend_code/reposting2.py", line 229, in repost
    message = "{} <br><br> {}".format(message,str(traceback.format_exc()))
                                                  ^^^^^^^^^^^^^^^^^^^^
AttributeError: 'str' object has no attribute 'format_exc'

2025-01-22 09:45:20,551 [Job mantratecerpstage.com::733b3d2e-e736-4933-a4be-292af6b9af14]: exception raised while executing (frappe.utils.background_jobs.execute_job)
Traceback (most recent call last):
  File "/home/mantra/mantrastage-bench/apps/frappe/frappe/database/database.py", line 234, in sql
    self._cursor.execute(query, values)
  File "/home/mantra/mantrastage-bench/env/lib/python3.11/site-packages/pymysql/cursors.py", line 153, in execute
    result = self._query(query)
             ^^^^^^^^^^^^^^^^^^
  File "/home/mantra/mantrastage-bench/env/lib/python3.11/site-packages/pymysql/cursors.py", line 322, in _query
    conn.query(q)
  File "/home/mantra/mantrastage-bench/env/lib/python3.11/site-packages/pymysql/connections.py", line 563, in query
    self._affected_rows = self._read_query_result(unbuffered=unbuffered)
                          ^^^^^^^^^^^^^^^^^^^^^^^^^^^^^^^^^^^^^^^^^^^^^^
  File "/home/mantra/mantrastage-bench/env/lib/python3.11/site-packages/pymysql/connections.py", line 825, in _read_query_result
    result.read()
  File "/home/mantra/mantrastage-bench/env/lib/python3.11/site-packages/pymysql/connections.py", line 1206, in read
    self._read_result_packet(first_packet)
  File "/home/mantra/mantrastage-bench/env/lib/python3.11/site-packages/pymysql/connections.py", line 1283, in _read_result_packet
    self._read_rowdata_packet()
  File "/home/mantra/mantrastage-bench/env/lib/python3.11/site-packages/pymysql/connections.py", line 1330, in _read_rowdata_packet
    packet = self.connection._read_packet()
             ^^^^^^^^^^^^^^^^^^^^^^^^^^^^^^
  File "/home/mantra/mantrastage-bench/env/lib/python3.11/site-packages/pymysql/connections.py", line 775, in _read_packet
    packet.raise_for_error()
  File "/home/mantra/mantrastage-bench/env/lib/python3.11/site-packages/pymysql/protocol.py", line 219, in raise_for_error
    err.raise_mysql_exception(self._data)
  File "/home/mantra/mantrastage-bench/env/lib/python3.11/site-packages/pymysql/err.py", line 150, in raise_mysql_exception
    raise errorclass(errno, errval)
pymysql.err.OperationalError: (1205, 'Lock wait timeout exceeded; try restarting transaction')

The above exception was the direct cause of the following exception:

Traceback (most recent call last):
  File "/home/mantra/mantrastage-bench/apps/mantra_dev/mantra_dev/backend_code/reposting2.py", line 199, in repost
    repost_sl_entries(doc)
  File "/home/mantra/mantrastage-bench/apps/mantra_dev/mantra_dev/backend_code/reposting2.py", line 381, in repost_sl_entries
    repost_future_sle(
  File "/home/mantra/mantrastage-bench/apps/erpnext/erpnext/stock/stock_ledger.py", line 263, in repost_future_sle
    obj = update_entries_after(
          ^^^^^^^^^^^^^^^^^^^^^
  File "/home/mantra/mantrastage-bench/apps/erpnext/erpnext/stock/stock_ledger.py", line 560, in __init__
    self.initialize_previous_data(self.args)
  File "/home/mantra/mantrastage-bench/apps/erpnext/erpnext/stock/stock_ledger.py", line 591, in initialize_previous_data
    previous_sle = get_previous_sle_of_current_voucher(args)
                   ^^^^^^^^^^^^^^^^^^^^^^^^^^^^^^^^^^^^^^^^^
  File "/home/mantra/mantrastage-bench/apps/erpnext/erpnext/stock/stock_ledger.py", line 1535, in get_previous_sle_of_current_voucher
    sle = frappe.db.sql(
          ^^^^^^^^^^^^^^
  File "/home/mantra/mantrastage-bench/apps/frappe/frappe/database/database.py", line 243, in sql
    raise frappe.QueryTimeoutError(e) from e
frappe.exceptions.QueryTimeoutError: (1205, 'Lock wait timeout exceeded; try restarting transaction')

During handling of the above exception, another exception occurred:

Traceback (most recent call last):
  File "/home/mantra/mantrastage-bench/env/lib/python3.11/site-packages/rq/worker.py", line 1428, in perform_job
    rv = job.perform()
         ^^^^^^^^^^^^^
  File "/home/mantra/mantrastage-bench/env/lib/python3.11/site-packages/rq/job.py", line 1278, in perform
    self._result = self._execute()
                   ^^^^^^^^^^^^^^^
  File "/home/mantra/mantrastage-bench/env/lib/python3.11/site-packages/rq/job.py", line 1315, in _execute
    result = self.func(*self.args, **self.kwargs)
             ^^^^^^^^^^^^^^^^^^^^^^^^^^^^^^^^^^^^
  File "/home/mantra/mantrastage-bench/apps/frappe/frappe/utils/background_jobs.py", line 220, in execute_job
    retval = method(**kwargs)
             ^^^^^^^^^^^^^^^^
  File "/home/mantra/mantrastage-bench/apps/frappe/frappe/utils/typing_validations.py", line 31, in wrapper
    return func(*args, **kwargs)
           ^^^^^^^^^^^^^^^^^^^^^
  File "/home/mantra/mantrastage-bench/apps/mantra_dev/mantra_dev/backend_code/reposting2.py", line 229, in repost
    message = "{} <br><br> {}".format(message,str(traceback.format_exc()))
                                                  ^^^^^^^^^^^^^^^^^^^^
AttributeError: 'str' object has no attribute 'format_exc'

2025-01-22 09:45:59,198 home-mantra-mantrastage-bench:default: frappe.utils.background_jobs.execute_job(event=None, is_async=True, job_name='frappe.core.doctype.scheduled_job_type.scheduled_job_type.run_scheduled_jo..., kwargs={'job_type': 'mantra_dev.api_code.banck_transaction.get_icici_bank_file'}, method='frappe.core.doctype.scheduled_job_type.scheduled_job_type.run_scheduled_jo..., site='mantratecerpstage.com', user='Administrator') (mantratecerpstage.com::scheduled_job::mantra_dev.api_code.banck_transaction.get_icici_bank_file)
2025-01-22 09:45:59,200 home-mantra-mantrastage-bench:default: frappe.utils.background_jobs.execute_job(event=None, is_async=True, job_name='frappe.core.doctype.scheduled_job_type.scheduled_job_type.run_scheduled_jo..., kwargs={'job_type': 'india_compliance.gst_india.utils.e_invoice.retry_e_invoice_e_..., method='frappe.core.doctype.scheduled_job_type.scheduled_job_type.run_scheduled_jo..., site='mantratecerpstage.com', user='Administrator') (mantratecerpstage.com::scheduled_job::india_compliance.gst_india.utils.e_invoice.retry_e_invoice_e_waybill_generation)
2025-01-22 09:45:59,205 home-mantra-mantrastage-bench:default: frappe.utils.background_jobs.execute_job(event=None, is_async=True, job_name='frappe.core.doctype.scheduled_job_type.scheduled_job_type.run_scheduled_jo..., kwargs={'job_type': 'frappe.oauth.delete_oauth2_data'}, method='frappe.core.doctype.scheduled_job_type.scheduled_job_type.run_scheduled_jo..., site='mantratecerpstage.com', user='Administrator') (mantratecerpstage.com::scheduled_job::frappe.oauth.delete_oauth2_data)
2025-01-22 09:45:59,206 home-mantra-mantrastage-bench:default: frappe.utils.background_jobs.execute_job(event=None, is_async=True, job_name='frappe.core.doctype.scheduled_job_type.scheduled_job_type.run_scheduled_jo..., kwargs={'job_type': 'frappe.website.doctype.web_page.web_page.check_publish_status..., method='frappe.core.doctype.scheduled_job_type.scheduled_job_type.run_scheduled_jo..., site='mantratecerpstage.com', user='Administrator') (mantratecerpstage.com::scheduled_job::frappe.website.doctype.web_page.web_page.check_publish_status)
2025-01-22 09:45:59,208 home-mantra-mantrastage-bench:default: frappe.utils.background_jobs.execute_job(event=None, is_async=True, job_name='frappe.core.doctype.scheduled_job_type.scheduled_job_type.run_scheduled_jo..., kwargs={'job_type': 'frappe.twofactor.delete_all_barcodes_for_users'}, method='frappe.core.doctype.scheduled_job_type.scheduled_job_type.run_scheduled_jo..., site='mantratecerpstage.com', user='Administrator') (mantratecerpstage.com::scheduled_job::frappe.twofactor.delete_all_barcodes_for_users)
2025-01-22 09:45:59,231 home-mantra-mantrastage-bench:default: frappe.utils.background_jobs.execute_job(event=None, is_async=True, job_name='frappe.core.doctype.scheduled_job_type.scheduled_job_type.run_scheduled_jo..., kwargs={'job_type': 'erpnext.manufacturing.doctype.bom_update_log.bom_update_log.r..., method='frappe.core.doctype.scheduled_job_type.scheduled_job_type.run_scheduled_jo..., site='mantratecerpstage.com', user='Administrator') (mantratecerpstage.com::scheduled_job::erpnext.manufacturing.doctype.bom_update_log.bom_update_log.resume_bom_cost_update_jobs)
2025-01-22 09:45:59,233 home-mantra-mantrastage-bench:default: frappe.utils.background_jobs.execute_job(event=None, is_async=True, job_name='frappe.core.doctype.scheduled_job_type.scheduled_job_type.run_scheduled_jo..., kwargs={'job_type': 'erpnext.accounts.doctype.process_payment_reconciliation.proce..., method='frappe.core.doctype.scheduled_job_type.scheduled_job_type.run_scheduled_jo..., site='mantratecerpstage.com', user='Administrator') (mantratecerpstage.com::scheduled_job::erpnext.accounts.doctype.process_payment_reconciliation.process_payment_reconciliation.trigger_reconciliation_for_queued_docs)
2025-01-22 09:45:59,283 home-mantra-mantrastage-bench:default: frappe.utils.background_jobs.execute_job(event=None, is_async=True, job_name='frappe.core.doctype.scheduled_job_type.scheduled_job_type.run_scheduled_jo..., kwargs={'job_type': 'frappe.deferred_insert.save_to_db'}, method='frappe.core.doctype.scheduled_job_type.scheduled_job_type.run_scheduled_jo..., site='mantratecerpstage.com', user='Administrator') (mantratecerpstage.com::scheduled_job::frappe.deferred_insert.save_to_db)
2025-01-22 09:45:59,284 home-mantra-mantrastage-bench:default: frappe.utils.background_jobs.execute_job(event=None, is_async=True, job_name='frappe.core.doctype.scheduled_job_type.scheduled_job_type.run_scheduled_jo..., kwargs={'job_type': 'frappe.utils.global_search.sync_global_search'}, method='frappe.core.doctype.scheduled_job_type.scheduled_job_type.run_scheduled_jo..., site='mantratecerpstage.com', user='Administrator') (mantratecerpstage.com::scheduled_job::frappe.utils.global_search.sync_global_search)
2025-01-22 09:45:59,286 home-mantra-mantrastage-bench:default: frappe.utils.background_jobs.execute_job(event=None, is_async=True, job_name='frappe.core.doctype.scheduled_job_type.scheduled_job_type.run_scheduled_jo..., kwargs={'job_type': 'frappe.email.doctype.email_account.email_account.notify_unrep..., method='frappe.core.doctype.scheduled_job_type.scheduled_job_type.run_scheduled_jo..., site='mantratecerpstage.com', user='Administrator') (mantratecerpstage.com::scheduled_job::frappe.email.doctype.email_account.email_account.notify_unreplied)
2025-01-22 09:45:59,335 home-mantra-mantrastage-bench:default: Job OK (mantratecerpstage.com::scheduled_job::frappe.oauth.delete_oauth2_data)
2025-01-22 09:45:59,336 Result is kept for 600 seconds
2025-01-22 09:45:59,338 home-mantra-mantrastage-bench:default: Job OK (mantratecerpstage.com::scheduled_job::frappe.website.doctype.web_page.web_page.check_publish_status)
2025-01-22 09:45:59,338 Result is kept for 600 seconds
2025-01-22 09:45:59,374 home-mantra-mantrastage-bench:long: frappe.utils.background_jobs.execute_job(event=None, is_async=True, job_name='Beny file process', kwargs={'delimiter': '|'}, method=<function get_bene_file at 0x796b20df6ac0>, site='mantratecerpstage.com', user='Administrator') (mantratecerpstage.com::8444d751-003e-4299-ab48-8431499c79f3)
2025-01-22 09:45:59,374 home-mantra-mantrastage-bench:long: frappe.utils.background_jobs.execute_job(event=None, is_async=True, job_name='ICICI file process', kwargs={'delimiter': '|'}, method=<function get_icici_bank_file_background at 0x796b20c047c0>, site='mantratecerpstage.com', user='Administrator') (mantratecerpstage.com::341df867-35a3-406d-b203-18d2a31def30)
2025-01-22 09:45:59,377 home-mantra-mantrastage-bench:default: Job OK (mantratecerpstage.com::scheduled_job::mantra_dev.api_code.banck_transaction.get_icici_bank_file)
2025-01-22 09:45:59,377 Result is kept for 600 seconds
2025-01-22 09:45:59,381 Cleaning registries for queue: home-mantra-mantrastage-bench:short
2025-01-22 09:45:59,382 Cleaning registries for queue: home-mantra-mantrastage-bench:default
2025-01-22 09:45:59,410 home-mantra-mantrastage-bench:default: Job OK (mantratecerpstage.com::scheduled_job::frappe.utils.global_search.sync_global_search)
2025-01-22 09:45:59,411 Result is kept for 600 seconds
2025-01-22 09:45:59,414 home-mantra-mantrastage-bench:default: Job OK (mantratecerpstage.com::scheduled_job::erpnext.manufacturing.doctype.bom_update_log.bom_update_log.resume_bom_cost_update_jobs)
2025-01-22 09:45:59,414 Result is kept for 600 seconds
2025-01-22 09:45:59,420 home-mantra-mantrastage-bench:default: Job OK (mantratecerpstage.com::scheduled_job::erpnext.accounts.doctype.process_payment_reconciliation.process_payment_reconciliation.trigger_reconciliation_for_queued_docs)
2025-01-22 09:45:59,420 Result is kept for 600 seconds
2025-01-22 09:45:59,447 home-mantra-mantrastage-bench:default: Job OK (mantratecerpstage.com::scheduled_job::frappe.email.doctype.email_account.email_account.notify_unreplied)
2025-01-22 09:45:59,447 Result is kept for 600 seconds
2025-01-22 09:45:59,489 home-mantra-mantrastage-bench:long: Job OK (mantratecerpstage.com::8444d751-003e-4299-ab48-8431499c79f3)
2025-01-22 09:45:59,489 Result is kept for 600 seconds
2025-01-22 09:45:59,499 home-mantra-mantrastage-bench:default: Job OK (mantratecerpstage.com::scheduled_job::frappe.deferred_insert.save_to_db)
2025-01-22 09:45:59,499 home-mantra-mantrastage-bench:long: Job OK (mantratecerpstage.com::341df867-35a3-406d-b203-18d2a31def30)
2025-01-22 09:45:59,499 Result is kept for 600 seconds
2025-01-22 09:45:59,499 Result is kept for 600 seconds
2025-01-22 09:45:59,563 home-mantra-mantrastage-bench:default: Job OK (mantratecerpstage.com::scheduled_job::india_compliance.gst_india.utils.e_invoice.retry_e_invoice_e_waybill_generation)
2025-01-22 09:45:59,563 Result is kept for 600 seconds
2025-01-22 09:46:00,790 home-mantra-mantrastage-bench:default: Job OK (mantratecerpstage.com::scheduled_job::frappe.twofactor.delete_all_barcodes_for_users)
2025-01-22 09:46:00,790 Result is kept for 600 seconds
2025-01-22 09:46:28,902 home-mantra-mantrastage-bench:short: frappe.utils.background_jobs.execute_job(event=None, is_async=True, job_name='frappe.sendmail', kwargs={'recipients': 'dispatch.3@mantratec.com', 'sender': None, 'subject': 'Logi..., method=<function sendmail at 0x7cfc5b6bdc60>, site='mantratecerpstage.com', user=None) (mantratecerpstage.com::43055d89-31c7-42f7-8ce9-6fd004466247)
ERROR	PropertyValue: Missing token for production Choice(ColorValue, Dimension, URIValue, Value, variable, MSValue, CSSCalc, function): ('HASH', '#0000001a', 1, 3215)
ERROR	PropertyValue: Unknown syntax or no value: 0 3px 6px #0000001a
ERROR	CSSStyleDeclaration: Syntax Error in Property: box-shadow:0 3px 6px #0000001a
2025-01-22 09:46:30,385 home-mantra-mantrastage-bench:short: Job OK (mantratecerpstage.com::43055d89-31c7-42f7-8ce9-6fd004466247)
2025-01-22 09:46:30,385 Result is kept for 600 seconds
2025-01-22 09:46:48,872 home-mantra-mantrastage-bench:default: frappe.utils.background_jobs.execute_job(event=None, is_async=True, job_name='frappe.model.delete_doc.delete_dynamic_links', kwargs={'doctype': 'File', 'name': '0e9cb8ecc1'}, method='frappe.model.delete_doc.delete_dynamic_links', site='mantratecerpstage.com', user='purchase2@mantratec.com') (mantratecerpstage.com::760e378f-631c-46c0-b991-52dc2ee3f11e)
2025-01-22 09:46:48,889 home-mantra-mantrastage-bench:default: Job OK (mantratecerpstage.com::760e378f-631c-46c0-b991-52dc2ee3f11e)
2025-01-22 09:46:48,889 Result is kept for 600 seconds
2025-01-22 09:47:07,651 home-mantra-mantrastage-bench:short: frappe.utils.background_jobs.execute_job(event=None, is_async=True, job_name='frappe.sendmail', kwargs={'recipients': 'jaymin.shah@mantraidentity.com', 'sender': None, 'subject':..., method=<function sendmail at 0x7cfc5b6bdc60>, site='mantratecerpstage.com', user=None) (mantratecerpstage.com::dabcd2cb-7da5-48d3-b2e0-3e6fd32bc06c)
ERROR	PropertyValue: Missing token for production Choice(ColorValue, Dimension, URIValue, Value, variable, MSValue, CSSCalc, function): ('HASH', '#0000001a', 1, 3215)
ERROR	PropertyValue: Unknown syntax or no value: 0 3px 6px #0000001a
ERROR	CSSStyleDeclaration: Syntax Error in Property: box-shadow:0 3px 6px #0000001a
2025-01-22 09:47:10,336 home-mantra-mantrastage-bench:short: Job OK (mantratecerpstage.com::dabcd2cb-7da5-48d3-b2e0-3e6fd32bc06c)
2025-01-22 09:47:10,336 Result is kept for 600 seconds
2025-01-22 09:47:44,073 home-mantra-mantrastage-bench:short: frappe.utils.background_jobs.execute_job(event=None, is_async=True, job_name='frappe.sendmail', kwargs={'recipients': 'scm1@mantratec.com', 'sender': None, 'subject': 'Login Veri..., method=<function sendmail at 0x7cfc5b6bdc60>, site='mantratecerpstage.com', user=None) (mantratecerpstage.com::51bde9c0-221c-4756-9f0c-2cdcfdd2ef35)
ERROR	PropertyValue: Missing token for production Choice(ColorValue, Dimension, URIValue, Value, variable, MSValue, CSSCalc, function): ('HASH', '#0000001a', 1, 3215)
ERROR	PropertyValue: Unknown syntax or no value: 0 3px 6px #0000001a
ERROR	CSSStyleDeclaration: Syntax Error in Property: box-shadow:0 3px 6px #0000001a
2025-01-22 09:47:46,483 home-mantra-mantrastage-bench:short: Job OK (mantratecerpstage.com::51bde9c0-221c-4756-9f0c-2cdcfdd2ef35)
2025-01-22 09:47:46,483 Result is kept for 600 seconds
2025-01-22 09:48:59,566 home-mantra-mantrastage-bench:default: frappe.utils.background_jobs.execute_job(event=None, is_async=True, job_name='frappe.core.doctype.scheduled_job_type.scheduled_job_type.run_scheduled_jo..., kwargs={'job_type': 'frappe.email.queue.flush'}, method='frappe.core.doctype.scheduled_job_type.scheduled_job_type.run_scheduled_jo..., site='mantratecerpstage.com', user='Administrator') (mantratecerpstage.com::scheduled_job::frappe.email.queue.flush)
2025-01-22 09:48:59,568 home-mantra-mantrastage-bench:default: frappe.utils.background_jobs.execute_job(event=None, is_async=True, job_name='frappe.core.doctype.scheduled_job_type.scheduled_job_type.run_scheduled_jo..., kwargs={'job_type': 'frappe.automation.doctype.reminder.reminder.send_reminders'}, method='frappe.core.doctype.scheduled_job_type.scheduled_job_type.run_scheduled_jo..., site='mantratecerpstage.com', user='Administrator') (mantratecerpstage.com::scheduled_job::frappe.automation.doctype.reminder.reminder.send_reminders)
2025-01-22 09:48:59,569 home-mantra-mantrastage-bench:default: frappe.utils.background_jobs.execute_job(event=None, is_async=True, job_name='frappe.core.doctype.scheduled_job_type.scheduled_job_type.run_scheduled_jo..., kwargs={'job_type': 'hrms.hr.doctype.interview.interview.send_interview_reminder'}, method='frappe.core.doctype.scheduled_job_type.scheduled_job_type.run_scheduled_jo..., site='mantratecerpstage.com', user='Administrator') (mantratecerpstage.com::scheduled_job::hrms.hr.doctype.interview.interview.send_interview_reminder)
2025-01-22 09:48:59,571 home-mantra-mantrastage-bench:default: frappe.utils.background_jobs.execute_job(event=None, is_async=True, job_name='frappe.core.doctype.scheduled_job_type.scheduled_job_type.run_scheduled_jo..., kwargs={'job_type': 'frappe.monitor.flush'}, method='frappe.core.doctype.scheduled_job_type.scheduled_job_type.run_scheduled_jo..., site='mantratecerpstage.com', user='Administrator') (mantratecerpstage.com::scheduled_job::frappe.monitor.flush)
2025-01-22 09:48:59,573 home-mantra-mantrastage-bench:default: frappe.utils.background_jobs.execute_job(event=None, is_async=True, job_name='frappe.core.doctype.scheduled_job_type.scheduled_job_type.run_scheduled_jo..., kwargs={'job_type': 'public_file_all'}, method='frappe.core.doctype.scheduled_job_type.scheduled_job_type.run_scheduled_jo..., site='mantratecerpstage.com', user='Administrator') (mantratecerpstage.com::scheduled_job::public_file_all)
2025-01-22 09:48:59,632 home-mantra-mantrastage-bench:default: Job OK (mantratecerpstage.com::scheduled_job::frappe.monitor.flush)
2025-01-22 09:48:59,632 Result is kept for 600 seconds
2025-01-22 09:48:59,632 home-mantra-mantrastage-bench:default: Job OK (mantratecerpstage.com::scheduled_job::hrms.hr.doctype.interview.interview.send_interview_reminder)
2025-01-22 09:48:59,632 Result is kept for 600 seconds
2025-01-22 09:48:59,640 home-mantra-mantrastage-bench:default: Job OK (mantratecerpstage.com::scheduled_job::frappe.automation.doctype.reminder.reminder.send_reminders)
2025-01-22 09:48:59,640 Result is kept for 600 seconds
2025-01-22 09:48:59,762 home-mantra-mantrastage-bench:default: Job OK (mantratecerpstage.com::scheduled_job::frappe.email.queue.flush)
2025-01-22 09:48:59,762 Result is kept for 600 seconds
2025-01-22 09:48:59,878 home-mantra-mantrastage-bench:default: Job OK (mantratecerpstage.com::scheduled_job::public_file_all)
2025-01-22 09:48:59,878 Result is kept for 600 seconds
2025-01-22 09:50:59,800 home-mantra-mantrastage-bench:default: frappe.utils.background_jobs.execute_job(event=None, is_async=True, job_name='frappe.core.doctype.scheduled_job_type.scheduled_job_type.run_scheduled_jo..., kwargs={'job_type': 'mantra_dev.api_code.banck_transaction.get_icici_bank_file'}, method='frappe.core.doctype.scheduled_job_type.scheduled_job_type.run_scheduled_jo..., site='mantratecerpstage.com', user='Administrator') (mantratecerpstage.com::scheduled_job::mantra_dev.api_code.banck_transaction.get_icici_bank_file)
2025-01-22 09:50:59,803 home-mantra-mantrastage-bench:default: frappe.utils.background_jobs.execute_job(event=None, is_async=True, job_name='frappe.core.doctype.scheduled_job_type.scheduled_job_type.run_scheduled_jo..., kwargs={'job_type': 'india_compliance.gst_india.utils.e_invoice.retry_e_invoice_e_..., method='frappe.core.doctype.scheduled_job_type.scheduled_job_type.run_scheduled_jo..., site='mantratecerpstage.com', user='Administrator') (mantratecerpstage.com::scheduled_job::india_compliance.gst_india.utils.e_invoice.retry_e_invoice_e_waybill_generation)
2025-01-22 09:50:59,806 home-mantra-mantrastage-bench:default: frappe.utils.background_jobs.execute_job(event=None, is_async=True, job_name='frappe.core.doctype.scheduled_job_type.scheduled_job_type.run_scheduled_jo..., kwargs={'job_type': 'india_compliance.gst_india.doctype.purchase_reconciliation_to..., method='frappe.core.doctype.scheduled_job_type.scheduled_job_type.run_scheduled_jo..., site='mantratecerpstage.com', user='Administrator') (mantratecerpstage.com::scheduled_job::india_compliance.gst_india.doctype.purchase_reconciliation_tool.purchase_reconciliation_tool.auto_refresh_authtoken)
2025-01-22 09:50:59,810 home-mantra-mantrastage-bench:default: frappe.utils.background_jobs.execute_job(event=None, is_async=True, job_name='frappe.core.doctype.scheduled_job_type.scheduled_job_type.run_scheduled_jo..., kwargs={'job_type': 'frappe.email.doctype.email_account.email_account.pull'}, method='frappe.core.doctype.scheduled_job_type.scheduled_job_type.run_scheduled_jo..., site='mantratecerpstage.com', user='Administrator') (mantratecerpstage.com::scheduled_job::frappe.email.doctype.email_account.email_account.pull)
2025-01-22 09:50:59,959 home-mantra-mantrastage-bench:default: Job OK (mantratecerpstage.com::scheduled_job::frappe.email.doctype.email_account.email_account.pull)
2025-01-22 09:50:59,959 Result is kept for 600 seconds
2025-01-22 09:51:00,016 home-mantra-mantrastage-bench:long: frappe.utils.background_jobs.execute_job(event=None, is_async=True, job_name='Beny file process', kwargs={'delimiter': '|'}, method=<function get_bene_file at 0x796b20df6ac0>, site='mantratecerpstage.com', user='Administrator') (mantratecerpstage.com::6bbac214-171c-4271-8b8b-6098f6129a05)
2025-01-22 09:51:00,018 home-mantra-mantrastage-bench:long: frappe.utils.background_jobs.execute_job(event=None, is_async=True, job_name='ICICI file process', kwargs={'delimiter': '|'}, method=<function get_icici_bank_file_background at 0x796b20c047c0>, site='mantratecerpstage.com', user='Administrator') (mantratecerpstage.com::008c9437-3a6a-47d9-9f40-579481feb2a0)
2025-01-22 09:51:00,023 home-mantra-mantrastage-bench:default: Job OK (mantratecerpstage.com::scheduled_job::mantra_dev.api_code.banck_transaction.get_icici_bank_file)
2025-01-22 09:51:00,023 Result is kept for 600 seconds
2025-01-22 09:51:00,123 home-mantra-mantrastage-bench:long: Job OK (mantratecerpstage.com::6bbac214-171c-4271-8b8b-6098f6129a05)
2025-01-22 09:51:00,123 Result is kept for 600 seconds
2025-01-22 09:51:00,139 home-mantra-mantrastage-bench:long: Job OK (mantratecerpstage.com::008c9437-3a6a-47d9-9f40-579481feb2a0)
2025-01-22 09:51:00,139 Result is kept for 600 seconds
2025-01-22 09:51:00,185 home-mantra-mantrastage-bench:default: Job OK (mantratecerpstage.com::scheduled_job::india_compliance.gst_india.doctype.purchase_reconciliation_tool.purchase_reconciliation_tool.auto_refresh_authtoken)
2025-01-22 09:51:00,185 Result is kept for 600 seconds
2025-01-22 09:51:00,205 home-mantra-mantrastage-bench:default: Job OK (mantratecerpstage.com::scheduled_job::india_compliance.gst_india.utils.e_invoice.retry_e_invoice_e_waybill_generation)
2025-01-22 09:51:00,205 Result is kept for 600 seconds
2025-01-22 09:51:12,320 home-mantra-mantrastage-bench:short: frappe.utils.background_jobs.execute_job(event=None, is_async=True, job_name='frappe.sendmail', kwargs={'recipients': 'jaimin.panchal@mantratec.com', 'sender': None, 'subject': '..., method=<function sendmail at 0x7cfc5b6bdc60>, site='mantratecerpstage.com', user=None) (mantratecerpstage.com::3ae0e2ff-eb10-4f32-b4f2-21ffd09882d4)
ERROR	PropertyValue: Missing token for production Choice(ColorValue, Dimension, URIValue, Value, variable, MSValue, CSSCalc, function): ('HASH', '#0000001a', 1, 3215)
ERROR	PropertyValue: Unknown syntax or no value: 0 3px 6px #0000001a
ERROR	CSSStyleDeclaration: Syntax Error in Property: box-shadow:0 3px 6px #0000001a
2025-01-22 09:51:14,315 home-mantra-mantrastage-bench:short: Job OK (mantratecerpstage.com::3ae0e2ff-eb10-4f32-b4f2-21ffd09882d4)
2025-01-22 09:51:14,315 Result is kept for 600 seconds
2025-01-22 09:53:00,031 home-mantra-mantrastage-bench:default: frappe.utils.background_jobs.execute_job(event=None, is_async=True, job_name='frappe.core.doctype.scheduled_job_type.scheduled_job_type.run_scheduled_jo..., kwargs={'job_type': 'frappe.email.queue.flush'}, method='frappe.core.doctype.scheduled_job_type.scheduled_job_type.run_scheduled_jo..., site='mantratecerpstage.com', user='Administrator') (mantratecerpstage.com::scheduled_job::frappe.email.queue.flush)
2025-01-22 09:53:00,032 home-mantra-mantrastage-bench:default: frappe.utils.background_jobs.execute_job(event=None, is_async=True, job_name='frappe.core.doctype.scheduled_job_type.scheduled_job_type.run_scheduled_jo..., kwargs={'job_type': 'frappe.automation.doctype.reminder.reminder.send_reminders'}, method='frappe.core.doctype.scheduled_job_type.scheduled_job_type.run_scheduled_jo..., site='mantratecerpstage.com', user='Administrator') (mantratecerpstage.com::scheduled_job::frappe.automation.doctype.reminder.reminder.send_reminders)
2025-01-22 09:53:00,034 home-mantra-mantrastage-bench:default: frappe.utils.background_jobs.execute_job(event=None, is_async=True, job_name='frappe.core.doctype.scheduled_job_type.scheduled_job_type.run_scheduled_jo..., kwargs={'job_type': 'hrms.hr.doctype.interview.interview.send_interview_reminder'}, method='frappe.core.doctype.scheduled_job_type.scheduled_job_type.run_scheduled_jo..., site='mantratecerpstage.com', user='Administrator') (mantratecerpstage.com::scheduled_job::hrms.hr.doctype.interview.interview.send_interview_reminder)
2025-01-22 09:53:00,035 home-mantra-mantrastage-bench:default: frappe.utils.background_jobs.execute_job(event=None, is_async=True, job_name='frappe.core.doctype.scheduled_job_type.scheduled_job_type.run_scheduled_jo..., kwargs={'job_type': 'frappe.monitor.flush'}, method='frappe.core.doctype.scheduled_job_type.scheduled_job_type.run_scheduled_jo..., site='mantratecerpstage.com', user='Administrator') (mantratecerpstage.com::scheduled_job::frappe.monitor.flush)
2025-01-22 09:53:00,037 home-mantra-mantrastage-bench:default: frappe.utils.background_jobs.execute_job(event=None, is_async=True, job_name='frappe.core.doctype.scheduled_job_type.scheduled_job_type.run_scheduled_jo..., kwargs={'job_type': 'public_file_all'}, method='frappe.core.doctype.scheduled_job_type.scheduled_job_type.run_scheduled_jo..., site='mantratecerpstage.com', user='Administrator') (mantratecerpstage.com::scheduled_job::public_file_all)
2025-01-22 09:53:00,096 home-mantra-mantrastage-bench:default: Job OK (mantratecerpstage.com::scheduled_job::hrms.hr.doctype.interview.interview.send_interview_reminder)
2025-01-22 09:53:00,096 home-mantra-mantrastage-bench:default: Job OK (mantratecerpstage.com::scheduled_job::frappe.monitor.flush)
2025-01-22 09:53:00,096 Result is kept for 600 seconds
2025-01-22 09:53:00,096 Result is kept for 600 seconds
2025-01-22 09:53:00,106 home-mantra-mantrastage-bench:default: Job OK (mantratecerpstage.com::scheduled_job::frappe.automation.doctype.reminder.reminder.send_reminders)
2025-01-22 09:53:00,106 Result is kept for 600 seconds
2025-01-22 09:53:00,221 home-mantra-mantrastage-bench:default: Job OK (mantratecerpstage.com::scheduled_job::frappe.email.queue.flush)
2025-01-22 09:53:00,221 Result is kept for 600 seconds
2025-01-22 09:53:00,239 home-mantra-mantrastage-bench:default: Job OK (mantratecerpstage.com::scheduled_job::public_file_all)
2025-01-22 09:53:00,239 Result is kept for 600 seconds
2025-01-22 09:54:49,205 home-mantra-mantrastage-bench:short: frappe.utils.background_jobs.execute_job(event=None, is_async=True, job_name='frappe.sendmail', kwargs={'recipients': 'purchase1@mantratec.com', 'sender': None, 'subject': 'Login..., method=<function sendmail at 0x7cfc5b6bdc60>, site='mantratecerpstage.com', user=None) (mantratecerpstage.com::75203343-ac3d-4711-9ca5-95a0929502fb)
ERROR	PropertyValue: Missing token for production Choice(ColorValue, Dimension, URIValue, Value, variable, MSValue, CSSCalc, function): ('HASH', '#0000001a', 1, 3215)
ERROR	PropertyValue: Unknown syntax or no value: 0 3px 6px #0000001a
ERROR	CSSStyleDeclaration: Syntax Error in Property: box-shadow:0 3px 6px #0000001a
2025-01-22 09:54:51,237 home-mantra-mantrastage-bench:short: Job OK (mantratecerpstage.com::75203343-ac3d-4711-9ca5-95a0929502fb)
2025-01-22 09:54:51,237 Result is kept for 600 seconds
2025-01-22 09:55:00,281 home-mantra-mantrastage-bench:default: frappe.utils.background_jobs.execute_job(event=None, is_async=True, job_name='frappe.core.doctype.scheduled_job_type.scheduled_job_type.run_scheduled_jo..., kwargs={'job_type': 'mantra_dev.api_code.banck_transaction.get_icici_bank_file'}, method='frappe.core.doctype.scheduled_job_type.scheduled_job_type.run_scheduled_jo..., site='mantratecerpstage.com', user='Administrator') (mantratecerpstage.com::scheduled_job::mantra_dev.api_code.banck_transaction.get_icici_bank_file)
2025-01-22 09:55:00,285 home-mantra-mantrastage-bench:default: frappe.utils.background_jobs.execute_job(event=None, is_async=True, job_name='frappe.core.doctype.scheduled_job_type.scheduled_job_type.run_scheduled_jo..., kwargs={'job_type': 'india_compliance.gst_india.utils.e_invoice.retry_e_invoice_e_..., method='frappe.core.doctype.scheduled_job_type.scheduled_job_type.run_scheduled_jo..., site='mantratecerpstage.com', user='Administrator') (mantratecerpstage.com::scheduled_job::india_compliance.gst_india.utils.e_invoice.retry_e_invoice_e_waybill_generation)
2025-01-22 09:55:00,432 home-mantra-mantrastage-bench:long: frappe.utils.background_jobs.execute_job(event=None, is_async=True, job_name='Beny file process', kwargs={'delimiter': '|'}, method=<function get_bene_file at 0x779bc95faac0>, site='mantratecerpstage.com', user='Administrator') (mantratecerpstage.com::4a4e7a6a-14e2-4787-8375-0f115e181c57)
2025-01-22 09:55:00,433 home-mantra-mantrastage-bench:long: frappe.utils.background_jobs.execute_job(event=None, is_async=True, job_name='ICICI file process', kwargs={'delimiter': '|'}, method=<function get_icici_bank_file_background at 0x779bc94087c0>, site='mantratecerpstage.com', user='Administrator') (mantratecerpstage.com::55874bee-6bd5-4c87-9aaf-2bb30612b2f7)
2025-01-22 09:55:00,436 home-mantra-mantrastage-bench:default: Job OK (mantratecerpstage.com::scheduled_job::mantra_dev.api_code.banck_transaction.get_icici_bank_file)
2025-01-22 09:55:00,436 Result is kept for 600 seconds
2025-01-22 09:55:00,530 home-mantra-mantrastage-bench:long: Job OK (mantratecerpstage.com::4a4e7a6a-14e2-4787-8375-0f115e181c57)
2025-01-22 09:55:00,531 Result is kept for 600 seconds
2025-01-22 09:55:00,537 home-mantra-mantrastage-bench:long: Job OK (mantratecerpstage.com::55874bee-6bd5-4c87-9aaf-2bb30612b2f7)
2025-01-22 09:55:00,537 Result is kept for 600 seconds
2025-01-22 09:55:00,587 home-mantra-mantrastage-bench:default: Job OK (mantratecerpstage.com::scheduled_job::india_compliance.gst_india.utils.e_invoice.retry_e_invoice_e_waybill_generation)
2025-01-22 09:55:00,587 Result is kept for 600 seconds
2025-01-22 09:55:43,275 home-mantra-mantrastage-bench:default: frappe.utils.background_jobs.execute_job(event=None, is_async=True, job_name='frappe.desk.doctype.notification_log.notification_log.make_notification_lo..., kwargs={'doc': {'type': 'Alert', 'document_type': 'Payment Request', 'document_nam..., method='frappe.desk.doctype.notification_log.notification_log.make_notification_lo..., site='mantratecerpstage.com', user='purchase1@mantratec.com') (mantratecerpstage.com::cd9242ec-feee-4b5e-bcb6-aaa2741e16bc)
2025-01-22 09:55:43,395 home-mantra-mantrastage-bench:default: Job OK (mantratecerpstage.com::cd9242ec-feee-4b5e-bcb6-aaa2741e16bc)
2025-01-22 09:55:43,395 Result is kept for 600 seconds
2025-01-22 09:56:00,403 home-mantra-mantrastage-bench:default: frappe.utils.background_jobs.execute_job(event=None, is_async=True, job_name='frappe.core.doctype.scheduled_job_type.scheduled_job_type.run_scheduled_jo..., kwargs={'job_type': 'frappe.email.queue.flush'}, method='frappe.core.doctype.scheduled_job_type.scheduled_job_type.run_scheduled_jo..., site='mantratecerpstage.com', user='Administrator') (mantratecerpstage.com::scheduled_job::frappe.email.queue.flush)
2025-01-22 09:56:00,405 home-mantra-mantrastage-bench:default: frappe.utils.background_jobs.execute_job(event=None, is_async=True, job_name='frappe.core.doctype.scheduled_job_type.scheduled_job_type.run_scheduled_jo..., kwargs={'job_type': 'frappe.automation.doctype.reminder.reminder.send_reminders'}, method='frappe.core.doctype.scheduled_job_type.scheduled_job_type.run_scheduled_jo..., site='mantratecerpstage.com', user='Administrator') (mantratecerpstage.com::scheduled_job::frappe.automation.doctype.reminder.reminder.send_reminders)
2025-01-22 09:56:00,406 home-mantra-mantrastage-bench:default: frappe.utils.background_jobs.execute_job(event=None, is_async=True, job_name='frappe.core.doctype.scheduled_job_type.scheduled_job_type.run_scheduled_jo..., kwargs={'job_type': 'hrms.hr.doctype.interview.interview.send_interview_reminder'}, method='frappe.core.doctype.scheduled_job_type.scheduled_job_type.run_scheduled_jo..., site='mantratecerpstage.com', user='Administrator') (mantratecerpstage.com::scheduled_job::hrms.hr.doctype.interview.interview.send_interview_reminder)
2025-01-22 09:56:00,408 home-mantra-mantrastage-bench:default: frappe.utils.background_jobs.execute_job(event=None, is_async=True, job_name='frappe.core.doctype.scheduled_job_type.scheduled_job_type.run_scheduled_jo..., kwargs={'job_type': 'frappe.monitor.flush'}, method='frappe.core.doctype.scheduled_job_type.scheduled_job_type.run_scheduled_jo..., site='mantratecerpstage.com', user='Administrator') (mantratecerpstage.com::scheduled_job::frappe.monitor.flush)
2025-01-22 09:56:00,410 home-mantra-mantrastage-bench:default: frappe.utils.background_jobs.execute_job(event=None, is_async=True, job_name='frappe.core.doctype.scheduled_job_type.scheduled_job_type.run_scheduled_jo..., kwargs={'job_type': 'public_file_all'}, method='frappe.core.doctype.scheduled_job_type.scheduled_job_type.run_scheduled_jo..., site='mantratecerpstage.com', user='Administrator') (mantratecerpstage.com::scheduled_job::public_file_all)
2025-01-22 09:56:00,456 home-mantra-mantrastage-bench:default: Job OK (mantratecerpstage.com::scheduled_job::frappe.monitor.flush)
2025-01-22 09:56:00,456 Result is kept for 600 seconds
2025-01-22 09:56:00,468 home-mantra-mantrastage-bench:default: Job OK (mantratecerpstage.com::scheduled_job::hrms.hr.doctype.interview.interview.send_interview_reminder)
2025-01-22 09:56:00,469 Result is kept for 600 seconds
2025-01-22 09:56:00,469 home-mantra-mantrastage-bench:default: Job OK (mantratecerpstage.com::scheduled_job::frappe.automation.doctype.reminder.reminder.send_reminders)
2025-01-22 09:56:00,469 Result is kept for 600 seconds
2025-01-22 09:56:00,587 home-mantra-mantrastage-bench:default: Job OK (mantratecerpstage.com::scheduled_job::frappe.email.queue.flush)
2025-01-22 09:56:00,587 Result is kept for 600 seconds
2025-01-22 09:56:00,594 home-mantra-mantrastage-bench:default: Job OK (mantratecerpstage.com::scheduled_job::public_file_all)
2025-01-22 09:56:00,595 Result is kept for 600 seconds
2025-01-22 09:56:08,853 home-mantra-mantrastage-bench:long: frappe.utils.background_jobs.execute_job(event=None, is_async=True, job_name='Repost 3qteq9oha4', kwargs={'doc': <RepostItemValuation: 3qteq9oha4 docstatus=1>}, method=<function repost at 0x7cfc4ffc0540>, site='mantratecerpstage.com', user='Guest') (mantratecerpstage.com::54a9eb40-e617-49aa-8c60-1071d3e8eafa)
2025-01-22 09:56:08,853 home-mantra-mantrastage-bench:long: frappe.utils.background_jobs.execute_job(event=None, is_async=True, job_name='Delete Repost Entries 3qteq9oha4', kwargs={'doc_name': '3qteq9oha4'}, method=<function delete_entry_from_error_log at 0x7cfc4ffc19e0>, site='mantratecerpstage.com', user='Guest') (mantratecerpstage.com::67d1902e-0695-446c-b400-0f1de54c6fec)
2025-01-22 09:56:08,879 home-mantra-mantrastage-bench:long: Job OK (mantratecerpstage.com::67d1902e-0695-446c-b400-0f1de54c6fec)
2025-01-22 09:56:08,879 Result is kept for 600 seconds
2025-01-22 09:57:08,925 home-mantra-mantrastage-bench:long: frappe.utils.background_jobs.execute_job(event=None, is_async=True, job_name='Repost oh29jt26c8', kwargs={'doc': <RepostItemValuation: oh29jt26c8 docstatus=1>}, method=<function repost at 0x7cfc4ffc0540>, site='mantratecerpstage.com', user='Guest') (mantratecerpstage.com::589b84c7-a67e-4e25-9d30-322e4b6540ac)
2025-01-22 09:57:08,925 home-mantra-mantrastage-bench:long: frappe.utils.background_jobs.execute_job(event=None, is_async=True, job_name='Delete Repost Entries oh29jt26c8', kwargs={'doc_name': 'oh29jt26c8'}, method=<function delete_entry_from_error_log at 0x7cfc4ffc19e0>, site='mantratecerpstage.com', user='Guest') (mantratecerpstage.com::36131332-b317-4785-bf29-bc2ab49b9257)
2025-01-22 09:57:08,954 home-mantra-mantrastage-bench:long: Job OK (mantratecerpstage.com::36131332-b317-4785-bf29-bc2ab49b9257)
2025-01-22 09:57:08,954 Result is kept for 600 seconds
2025-01-22 09:57:40,523 [Job mantratecerpstage.com::54a9eb40-e617-49aa-8c60-1071d3e8eafa]: exception raised while executing (frappe.utils.background_jobs.execute_job)
Traceback (most recent call last):
  File "/home/mantra/mantrastage-bench/apps/frappe/frappe/database/database.py", line 234, in sql
    self._cursor.execute(query, values)
  File "/home/mantra/mantrastage-bench/env/lib/python3.11/site-packages/pymysql/cursors.py", line 153, in execute
    result = self._query(query)
             ^^^^^^^^^^^^^^^^^^
  File "/home/mantra/mantrastage-bench/env/lib/python3.11/site-packages/pymysql/cursors.py", line 322, in _query
    conn.query(q)
  File "/home/mantra/mantrastage-bench/env/lib/python3.11/site-packages/pymysql/connections.py", line 563, in query
    self._affected_rows = self._read_query_result(unbuffered=unbuffered)
                          ^^^^^^^^^^^^^^^^^^^^^^^^^^^^^^^^^^^^^^^^^^^^^^
  File "/home/mantra/mantrastage-bench/env/lib/python3.11/site-packages/pymysql/connections.py", line 825, in _read_query_result
    result.read()
  File "/home/mantra/mantrastage-bench/env/lib/python3.11/site-packages/pymysql/connections.py", line 1206, in read
    self._read_result_packet(first_packet)
  File "/home/mantra/mantrastage-bench/env/lib/python3.11/site-packages/pymysql/connections.py", line 1283, in _read_result_packet
    self._read_rowdata_packet()
  File "/home/mantra/mantrastage-bench/env/lib/python3.11/site-packages/pymysql/connections.py", line 1330, in _read_rowdata_packet
    packet = self.connection._read_packet()
             ^^^^^^^^^^^^^^^^^^^^^^^^^^^^^^
  File "/home/mantra/mantrastage-bench/env/lib/python3.11/site-packages/pymysql/connections.py", line 775, in _read_packet
    packet.raise_for_error()
  File "/home/mantra/mantrastage-bench/env/lib/python3.11/site-packages/pymysql/protocol.py", line 219, in raise_for_error
    err.raise_mysql_exception(self._data)
  File "/home/mantra/mantrastage-bench/env/lib/python3.11/site-packages/pymysql/err.py", line 150, in raise_mysql_exception
    raise errorclass(errno, errval)
pymysql.err.OperationalError: (1205, 'Lock wait timeout exceeded; try restarting transaction')

The above exception was the direct cause of the following exception:

Traceback (most recent call last):
  File "/home/mantra/mantrastage-bench/apps/mantra_dev/mantra_dev/backend_code/reposting2.py", line 199, in repost
    repost_sl_entries(doc)
  File "/home/mantra/mantrastage-bench/apps/mantra_dev/mantra_dev/backend_code/reposting2.py", line 381, in repost_sl_entries
    repost_future_sle(
  File "/home/mantra/mantrastage-bench/apps/erpnext/erpnext/stock/stock_ledger.py", line 263, in repost_future_sle
    obj = update_entries_after(
          ^^^^^^^^^^^^^^^^^^^^^
  File "/home/mantra/mantrastage-bench/apps/erpnext/erpnext/stock/stock_ledger.py", line 561, in __init__
    self.build()
  File "/home/mantra/mantrastage-bench/apps/erpnext/erpnext/stock/stock_ledger.py", line 613, in build
    entries_to_fix = self.get_future_entries_to_fix()
                     ^^^^^^^^^^^^^^^^^^^^^^^^^^^^^^^^
  File "/home/mantra/mantrastage-bench/apps/erpnext/erpnext/stock/stock_ledger.py", line 665, in get_future_entries_to_fix
    return list(self.get_sle_after_datetime(args))
                ^^^^^^^^^^^^^^^^^^^^^^^^^^^^^^^^^
  File "/home/mantra/mantrastage-bench/apps/erpnext/erpnext/stock/stock_ledger.py", line 1445, in get_sle_after_datetime
    return get_stock_ledger_entries(args, ">", "asc", for_update=True, check_serial_no=False)
           ^^^^^^^^^^^^^^^^^^^^^^^^^^^^^^^^^^^^^^^^^^^^^^^^^^^^^^^^^^^^^^^^^^^^^^^^^^^^^^^^^^
  File "/home/mantra/mantrastage-bench/apps/erpnext/erpnext/stock/stock_ledger.py", line 1632, in get_stock_ledger_entries
    return frappe.db.sql(
           ^^^^^^^^^^^^^^
  File "/home/mantra/mantrastage-bench/apps/frappe/frappe/database/database.py", line 243, in sql
    raise frappe.QueryTimeoutError(e) from e
frappe.exceptions.QueryTimeoutError: (1205, 'Lock wait timeout exceeded; try restarting transaction')

During handling of the above exception, another exception occurred:

Traceback (most recent call last):
  File "/home/mantra/mantrastage-bench/env/lib/python3.11/site-packages/rq/worker.py", line 1428, in perform_job
    rv = job.perform()
         ^^^^^^^^^^^^^
  File "/home/mantra/mantrastage-bench/env/lib/python3.11/site-packages/rq/job.py", line 1278, in perform
    self._result = self._execute()
                   ^^^^^^^^^^^^^^^
  File "/home/mantra/mantrastage-bench/env/lib/python3.11/site-packages/rq/job.py", line 1315, in _execute
    result = self.func(*self.args, **self.kwargs)
             ^^^^^^^^^^^^^^^^^^^^^^^^^^^^^^^^^^^^
  File "/home/mantra/mantrastage-bench/apps/frappe/frappe/utils/background_jobs.py", line 220, in execute_job
    retval = method(**kwargs)
             ^^^^^^^^^^^^^^^^
  File "/home/mantra/mantrastage-bench/apps/frappe/frappe/utils/typing_validations.py", line 31, in wrapper
    return func(*args, **kwargs)
           ^^^^^^^^^^^^^^^^^^^^^
  File "/home/mantra/mantrastage-bench/apps/mantra_dev/mantra_dev/backend_code/reposting2.py", line 229, in repost
    message = "{} <br><br> {}".format(message,str(traceback.format_exc()))
                                                  ^^^^^^^^^^^^^^^^^^^^
AttributeError: 'str' object has no attribute 'format_exc'

2025-01-22 09:57:59,118 [Job mantratecerpstage.com::589b84c7-a67e-4e25-9d30-322e4b6540ac]: exception raised while executing (frappe.utils.background_jobs.execute_job)
Traceback (most recent call last):
  File "/home/mantra/mantrastage-bench/apps/frappe/frappe/database/database.py", line 234, in sql
    self._cursor.execute(query, values)
  File "/home/mantra/mantrastage-bench/env/lib/python3.11/site-packages/pymysql/cursors.py", line 153, in execute
    result = self._query(query)
             ^^^^^^^^^^^^^^^^^^
  File "/home/mantra/mantrastage-bench/env/lib/python3.11/site-packages/pymysql/cursors.py", line 322, in _query
    conn.query(q)
  File "/home/mantra/mantrastage-bench/env/lib/python3.11/site-packages/pymysql/connections.py", line 563, in query
    self._affected_rows = self._read_query_result(unbuffered=unbuffered)
                          ^^^^^^^^^^^^^^^^^^^^^^^^^^^^^^^^^^^^^^^^^^^^^^
  File "/home/mantra/mantrastage-bench/env/lib/python3.11/site-packages/pymysql/connections.py", line 825, in _read_query_result
    result.read()
  File "/home/mantra/mantrastage-bench/env/lib/python3.11/site-packages/pymysql/connections.py", line 1206, in read
    self._read_result_packet(first_packet)
  File "/home/mantra/mantrastage-bench/env/lib/python3.11/site-packages/pymysql/connections.py", line 1283, in _read_result_packet
    self._read_rowdata_packet()
  File "/home/mantra/mantrastage-bench/env/lib/python3.11/site-packages/pymysql/connections.py", line 1330, in _read_rowdata_packet
    packet = self.connection._read_packet()
             ^^^^^^^^^^^^^^^^^^^^^^^^^^^^^^
  File "/home/mantra/mantrastage-bench/env/lib/python3.11/site-packages/pymysql/connections.py", line 775, in _read_packet
    packet.raise_for_error()
  File "/home/mantra/mantrastage-bench/env/lib/python3.11/site-packages/pymysql/protocol.py", line 219, in raise_for_error
    err.raise_mysql_exception(self._data)
  File "/home/mantra/mantrastage-bench/env/lib/python3.11/site-packages/pymysql/err.py", line 150, in raise_mysql_exception
    raise errorclass(errno, errval)
pymysql.err.OperationalError: (1205, 'Lock wait timeout exceeded; try restarting transaction')

The above exception was the direct cause of the following exception:

Traceback (most recent call last):
  File "/home/mantra/mantrastage-bench/apps/mantra_dev/mantra_dev/backend_code/reposting2.py", line 199, in repost
    repost_sl_entries(doc)
  File "/home/mantra/mantrastage-bench/apps/mantra_dev/mantra_dev/backend_code/reposting2.py", line 381, in repost_sl_entries
    repost_future_sle(
  File "/home/mantra/mantrastage-bench/apps/erpnext/erpnext/stock/stock_ledger.py", line 263, in repost_future_sle
    obj = update_entries_after(
          ^^^^^^^^^^^^^^^^^^^^^
  File "/home/mantra/mantrastage-bench/apps/erpnext/erpnext/stock/stock_ledger.py", line 560, in __init__
    self.initialize_previous_data(self.args)
  File "/home/mantra/mantrastage-bench/apps/erpnext/erpnext/stock/stock_ledger.py", line 591, in initialize_previous_data
    previous_sle = get_previous_sle_of_current_voucher(args)
                   ^^^^^^^^^^^^^^^^^^^^^^^^^^^^^^^^^^^^^^^^^
  File "/home/mantra/mantrastage-bench/apps/erpnext/erpnext/stock/stock_ledger.py", line 1535, in get_previous_sle_of_current_voucher
    sle = frappe.db.sql(
          ^^^^^^^^^^^^^^
  File "/home/mantra/mantrastage-bench/apps/frappe/frappe/database/database.py", line 243, in sql
    raise frappe.QueryTimeoutError(e) from e
frappe.exceptions.QueryTimeoutError: (1205, 'Lock wait timeout exceeded; try restarting transaction')

During handling of the above exception, another exception occurred:

Traceback (most recent call last):
  File "/home/mantra/mantrastage-bench/env/lib/python3.11/site-packages/rq/worker.py", line 1428, in perform_job
    rv = job.perform()
         ^^^^^^^^^^^^^
  File "/home/mantra/mantrastage-bench/env/lib/python3.11/site-packages/rq/job.py", line 1278, in perform
    self._result = self._execute()
                   ^^^^^^^^^^^^^^^
  File "/home/mantra/mantrastage-bench/env/lib/python3.11/site-packages/rq/job.py", line 1315, in _execute
    result = self.func(*self.args, **self.kwargs)
             ^^^^^^^^^^^^^^^^^^^^^^^^^^^^^^^^^^^^
  File "/home/mantra/mantrastage-bench/apps/frappe/frappe/utils/background_jobs.py", line 220, in execute_job
    retval = method(**kwargs)
             ^^^^^^^^^^^^^^^^
  File "/home/mantra/mantrastage-bench/apps/frappe/frappe/utils/typing_validations.py", line 31, in wrapper
    return func(*args, **kwargs)
           ^^^^^^^^^^^^^^^^^^^^^
  File "/home/mantra/mantrastage-bench/apps/mantra_dev/mantra_dev/backend_code/reposting2.py", line 229, in repost
    message = "{} <br><br> {}".format(message,str(traceback.format_exc()))
                                                  ^^^^^^^^^^^^^^^^^^^^
AttributeError: 'str' object has no attribute 'format_exc'

2025-01-22 09:58:09,076 home-mantra-mantrastage-bench:long: frappe.utils.background_jobs.execute_job(event=None, is_async=True, job_name='Repost oh29vl9b3k', kwargs={'doc': <RepostItemValuation: oh29vl9b3k docstatus=1>}, method=<function repost at 0x7cfc4ffc0540>, site='mantratecerpstage.com', user='Guest') (mantratecerpstage.com::3161279e-96a8-4fb4-a593-4ddc2071cc56)
2025-01-22 09:58:09,076 home-mantra-mantrastage-bench:long: frappe.utils.background_jobs.execute_job(event=None, is_async=True, job_name='Delete Repost Entries oh29vl9b3k', kwargs={'doc_name': 'oh29vl9b3k'}, method=<function delete_entry_from_error_log at 0x7cfc4ffc19e0>, site='mantratecerpstage.com', user='Guest') (mantratecerpstage.com::0f07f103-7f03-462d-9c01-7f453b4fc937)
2025-01-22 09:58:09,102 home-mantra-mantrastage-bench:long: Job OK (mantratecerpstage.com::0f07f103-7f03-462d-9c01-7f453b4fc937)
2025-01-22 09:58:09,102 Result is kept for 600 seconds
2025-01-22 09:58:59,267 [Job mantratecerpstage.com::3161279e-96a8-4fb4-a593-4ddc2071cc56]: exception raised while executing (frappe.utils.background_jobs.execute_job)
Traceback (most recent call last):
  File "/home/mantra/mantrastage-bench/apps/frappe/frappe/database/database.py", line 234, in sql
    self._cursor.execute(query, values)
  File "/home/mantra/mantrastage-bench/env/lib/python3.11/site-packages/pymysql/cursors.py", line 153, in execute
    result = self._query(query)
             ^^^^^^^^^^^^^^^^^^
  File "/home/mantra/mantrastage-bench/env/lib/python3.11/site-packages/pymysql/cursors.py", line 322, in _query
    conn.query(q)
  File "/home/mantra/mantrastage-bench/env/lib/python3.11/site-packages/pymysql/connections.py", line 563, in query
    self._affected_rows = self._read_query_result(unbuffered=unbuffered)
                          ^^^^^^^^^^^^^^^^^^^^^^^^^^^^^^^^^^^^^^^^^^^^^^
  File "/home/mantra/mantrastage-bench/env/lib/python3.11/site-packages/pymysql/connections.py", line 825, in _read_query_result
    result.read()
  File "/home/mantra/mantrastage-bench/env/lib/python3.11/site-packages/pymysql/connections.py", line 1206, in read
    self._read_result_packet(first_packet)
  File "/home/mantra/mantrastage-bench/env/lib/python3.11/site-packages/pymysql/connections.py", line 1283, in _read_result_packet
    self._read_rowdata_packet()
  File "/home/mantra/mantrastage-bench/env/lib/python3.11/site-packages/pymysql/connections.py", line 1330, in _read_rowdata_packet
    packet = self.connection._read_packet()
             ^^^^^^^^^^^^^^^^^^^^^^^^^^^^^^
  File "/home/mantra/mantrastage-bench/env/lib/python3.11/site-packages/pymysql/connections.py", line 775, in _read_packet
    packet.raise_for_error()
  File "/home/mantra/mantrastage-bench/env/lib/python3.11/site-packages/pymysql/protocol.py", line 219, in raise_for_error
    err.raise_mysql_exception(self._data)
  File "/home/mantra/mantrastage-bench/env/lib/python3.11/site-packages/pymysql/err.py", line 150, in raise_mysql_exception
    raise errorclass(errno, errval)
pymysql.err.OperationalError: (1205, 'Lock wait timeout exceeded; try restarting transaction')

The above exception was the direct cause of the following exception:

Traceback (most recent call last):
  File "/home/mantra/mantrastage-bench/apps/mantra_dev/mantra_dev/backend_code/reposting2.py", line 199, in repost
    repost_sl_entries(doc)
  File "/home/mantra/mantrastage-bench/apps/mantra_dev/mantra_dev/backend_code/reposting2.py", line 381, in repost_sl_entries
    repost_future_sle(
  File "/home/mantra/mantrastage-bench/apps/erpnext/erpnext/stock/stock_ledger.py", line 263, in repost_future_sle
    obj = update_entries_after(
          ^^^^^^^^^^^^^^^^^^^^^
  File "/home/mantra/mantrastage-bench/apps/erpnext/erpnext/stock/stock_ledger.py", line 560, in __init__
    self.initialize_previous_data(self.args)
  File "/home/mantra/mantrastage-bench/apps/erpnext/erpnext/stock/stock_ledger.py", line 591, in initialize_previous_data
    previous_sle = get_previous_sle_of_current_voucher(args)
                   ^^^^^^^^^^^^^^^^^^^^^^^^^^^^^^^^^^^^^^^^^
  File "/home/mantra/mantrastage-bench/apps/erpnext/erpnext/stock/stock_ledger.py", line 1535, in get_previous_sle_of_current_voucher
    sle = frappe.db.sql(
          ^^^^^^^^^^^^^^
  File "/home/mantra/mantrastage-bench/apps/frappe/frappe/database/database.py", line 243, in sql
    raise frappe.QueryTimeoutError(e) from e
frappe.exceptions.QueryTimeoutError: (1205, 'Lock wait timeout exceeded; try restarting transaction')

During handling of the above exception, another exception occurred:

Traceback (most recent call last):
  File "/home/mantra/mantrastage-bench/env/lib/python3.11/site-packages/rq/worker.py", line 1428, in perform_job
    rv = job.perform()
         ^^^^^^^^^^^^^
  File "/home/mantra/mantrastage-bench/env/lib/python3.11/site-packages/rq/job.py", line 1278, in perform
    self._result = self._execute()
                   ^^^^^^^^^^^^^^^
  File "/home/mantra/mantrastage-bench/env/lib/python3.11/site-packages/rq/job.py", line 1315, in _execute
    result = self.func(*self.args, **self.kwargs)
             ^^^^^^^^^^^^^^^^^^^^^^^^^^^^^^^^^^^^
  File "/home/mantra/mantrastage-bench/apps/frappe/frappe/utils/background_jobs.py", line 220, in execute_job
    retval = method(**kwargs)
             ^^^^^^^^^^^^^^^^
  File "/home/mantra/mantrastage-bench/apps/frappe/frappe/utils/typing_validations.py", line 31, in wrapper
    return func(*args, **kwargs)
           ^^^^^^^^^^^^^^^^^^^^^
  File "/home/mantra/mantrastage-bench/apps/mantra_dev/mantra_dev/backend_code/reposting2.py", line 229, in repost
    message = "{} <br><br> {}".format(message,str(traceback.format_exc()))
                                                  ^^^^^^^^^^^^^^^^^^^^
AttributeError: 'str' object has no attribute 'format_exc'

2025-01-22 09:59:09,228 home-mantra-mantrastage-bench:long: frappe.utils.background_jobs.execute_job(event=None, is_async=True, job_name='Repost 3qteibr6oe', kwargs={'doc': <RepostItemValuation: 3qteibr6oe docstatus=1>}, method=<function repost at 0x7cfc4ffc0540>, site='mantratecerpstage.com', user='Guest') (mantratecerpstage.com::711c9c97-098d-4d2c-acb0-336516e13b91)
2025-01-22 09:59:09,228 home-mantra-mantrastage-bench:long: frappe.utils.background_jobs.execute_job(event=None, is_async=True, job_name='Delete Repost Entries 3qteibr6oe', kwargs={'doc_name': '3qteibr6oe'}, method=<function delete_entry_from_error_log at 0x7cfc4ffc19e0>, site='mantratecerpstage.com', user='Guest') (mantratecerpstage.com::48df1f3a-79b5-48be-997e-db886f0b6932)
2025-01-22 09:59:09,254 home-mantra-mantrastage-bench:long: Job OK (mantratecerpstage.com::48df1f3a-79b5-48be-997e-db886f0b6932)
2025-01-22 09:59:09,254 Result is kept for 600 seconds
2025-01-22 09:59:09,256 Cleaning registries for queue: home-mantra-mantrastage-bench:long
2025-01-22 09:59:59,433 [Job mantratecerpstage.com::711c9c97-098d-4d2c-acb0-336516e13b91]: exception raised while executing (frappe.utils.background_jobs.execute_job)
Traceback (most recent call last):
  File "/home/mantra/mantrastage-bench/apps/frappe/frappe/database/database.py", line 234, in sql
    self._cursor.execute(query, values)
  File "/home/mantra/mantrastage-bench/env/lib/python3.11/site-packages/pymysql/cursors.py", line 153, in execute
    result = self._query(query)
             ^^^^^^^^^^^^^^^^^^
  File "/home/mantra/mantrastage-bench/env/lib/python3.11/site-packages/pymysql/cursors.py", line 322, in _query
    conn.query(q)
  File "/home/mantra/mantrastage-bench/env/lib/python3.11/site-packages/pymysql/connections.py", line 563, in query
    self._affected_rows = self._read_query_result(unbuffered=unbuffered)
                          ^^^^^^^^^^^^^^^^^^^^^^^^^^^^^^^^^^^^^^^^^^^^^^
  File "/home/mantra/mantrastage-bench/env/lib/python3.11/site-packages/pymysql/connections.py", line 825, in _read_query_result
    result.read()
  File "/home/mantra/mantrastage-bench/env/lib/python3.11/site-packages/pymysql/connections.py", line 1206, in read
    self._read_result_packet(first_packet)
  File "/home/mantra/mantrastage-bench/env/lib/python3.11/site-packages/pymysql/connections.py", line 1283, in _read_result_packet
    self._read_rowdata_packet()
  File "/home/mantra/mantrastage-bench/env/lib/python3.11/site-packages/pymysql/connections.py", line 1330, in _read_rowdata_packet
    packet = self.connection._read_packet()
             ^^^^^^^^^^^^^^^^^^^^^^^^^^^^^^
  File "/home/mantra/mantrastage-bench/env/lib/python3.11/site-packages/pymysql/connections.py", line 775, in _read_packet
    packet.raise_for_error()
  File "/home/mantra/mantrastage-bench/env/lib/python3.11/site-packages/pymysql/protocol.py", line 219, in raise_for_error
    err.raise_mysql_exception(self._data)
  File "/home/mantra/mantrastage-bench/env/lib/python3.11/site-packages/pymysql/err.py", line 150, in raise_mysql_exception
    raise errorclass(errno, errval)
pymysql.err.OperationalError: (1205, 'Lock wait timeout exceeded; try restarting transaction')

The above exception was the direct cause of the following exception:

Traceback (most recent call last):
  File "/home/mantra/mantrastage-bench/apps/mantra_dev/mantra_dev/backend_code/reposting2.py", line 199, in repost
    repost_sl_entries(doc)
  File "/home/mantra/mantrastage-bench/apps/mantra_dev/mantra_dev/backend_code/reposting2.py", line 381, in repost_sl_entries
    repost_future_sle(
  File "/home/mantra/mantrastage-bench/apps/erpnext/erpnext/stock/stock_ledger.py", line 263, in repost_future_sle
    obj = update_entries_after(
          ^^^^^^^^^^^^^^^^^^^^^
  File "/home/mantra/mantrastage-bench/apps/erpnext/erpnext/stock/stock_ledger.py", line 560, in __init__
    self.initialize_previous_data(self.args)
  File "/home/mantra/mantrastage-bench/apps/erpnext/erpnext/stock/stock_ledger.py", line 591, in initialize_previous_data
    previous_sle = get_previous_sle_of_current_voucher(args)
                   ^^^^^^^^^^^^^^^^^^^^^^^^^^^^^^^^^^^^^^^^^
  File "/home/mantra/mantrastage-bench/apps/erpnext/erpnext/stock/stock_ledger.py", line 1535, in get_previous_sle_of_current_voucher
    sle = frappe.db.sql(
          ^^^^^^^^^^^^^^
  File "/home/mantra/mantrastage-bench/apps/frappe/frappe/database/database.py", line 243, in sql
    raise frappe.QueryTimeoutError(e) from e
frappe.exceptions.QueryTimeoutError: (1205, 'Lock wait timeout exceeded; try restarting transaction')

During handling of the above exception, another exception occurred:

Traceback (most recent call last):
  File "/home/mantra/mantrastage-bench/env/lib/python3.11/site-packages/rq/worker.py", line 1428, in perform_job
    rv = job.perform()
         ^^^^^^^^^^^^^
  File "/home/mantra/mantrastage-bench/env/lib/python3.11/site-packages/rq/job.py", line 1278, in perform
    self._result = self._execute()
                   ^^^^^^^^^^^^^^^
  File "/home/mantra/mantrastage-bench/env/lib/python3.11/site-packages/rq/job.py", line 1315, in _execute
    result = self.func(*self.args, **self.kwargs)
             ^^^^^^^^^^^^^^^^^^^^^^^^^^^^^^^^^^^^
  File "/home/mantra/mantrastage-bench/apps/frappe/frappe/utils/background_jobs.py", line 220, in execute_job
    retval = method(**kwargs)
             ^^^^^^^^^^^^^^^^
  File "/home/mantra/mantrastage-bench/apps/frappe/frappe/utils/typing_validations.py", line 31, in wrapper
    return func(*args, **kwargs)
           ^^^^^^^^^^^^^^^^^^^^^
  File "/home/mantra/mantrastage-bench/apps/mantra_dev/mantra_dev/backend_code/reposting2.py", line 229, in repost
    message = "{} <br><br> {}".format(message,str(traceback.format_exc()))
                                                  ^^^^^^^^^^^^^^^^^^^^
AttributeError: 'str' object has no attribute 'format_exc'

2025-01-22 10:00:00,912 home-mantra-mantrastage-bench:default: frappe.utils.background_jobs.execute_job(event=None, is_async=True, job_name='frappe.core.doctype.scheduled_job_type.scheduled_job_type.run_scheduled_jo..., kwargs={'job_type': 'lms.lms.api.update_course_statistics'}, method='frappe.core.doctype.scheduled_job_type.scheduled_job_type.run_scheduled_jo..., site='mantratecerpstage.com', user='Administrator') (mantratecerpstage.com::scheduled_job::lms.lms.api.update_course_statistics)
2025-01-22 10:00:00,913 home-mantra-mantrastage-bench:default: frappe.utils.background_jobs.execute_job(event=None, is_async=True, job_name='frappe.core.doctype.scheduled_job_type.scheduled_job_type.run_scheduled_jo..., kwargs={'job_type': 'lms.lms.doctype.lms_certificate_request.lms_certificate_reque..., method='frappe.core.doctype.scheduled_job_type.scheduled_job_type.run_scheduled_jo..., site='mantratecerpstage.com', user='Administrator') (mantratecerpstage.com::scheduled_job::lms.lms.doctype.lms_certificate_request.lms_certificate_request.schedule_evals)
2025-01-22 10:00:00,915 home-mantra-mantrastage-bench:default: frappe.utils.background_jobs.execute_job(event=None, is_async=True, job_name='frappe.core.doctype.scheduled_job_type.scheduled_job_type.run_scheduled_jo..., kwargs={'job_type': 'frappe.email.queue.flush'}, method='frappe.core.doctype.scheduled_job_type.scheduled_job_type.run_scheduled_jo..., site='mantratecerpstage.com', user='Administrator') (mantratecerpstage.com::scheduled_job::frappe.email.queue.flush)
2025-01-22 10:00:00,917 home-mantra-mantrastage-bench:default: frappe.utils.background_jobs.execute_job(event=None, is_async=True, job_name='frappe.core.doctype.scheduled_job_type.scheduled_job_type.run_scheduled_jo..., kwargs={'job_type': 'frappe.automation.doctype.reminder.reminder.send_reminders'}, method='frappe.core.doctype.scheduled_job_type.scheduled_job_type.run_scheduled_jo..., site='mantratecerpstage.com', user='Administrator') (mantratecerpstage.com::scheduled_job::frappe.automation.doctype.reminder.reminder.send_reminders)
2025-01-22 10:00:00,919 home-mantra-mantrastage-bench:default: frappe.utils.background_jobs.execute_job(event=None, is_async=True, job_name='frappe.core.doctype.scheduled_job_type.scheduled_job_type.run_scheduled_jo..., kwargs={'job_type': 'hrms.hr.doctype.interview.interview.send_interview_reminder'}, method='frappe.core.doctype.scheduled_job_type.scheduled_job_type.run_scheduled_jo..., site='mantratecerpstage.com', user='Administrator') (mantratecerpstage.com::scheduled_job::hrms.hr.doctype.interview.interview.send_interview_reminder)
2025-01-22 10:00:00,922 home-mantra-mantrastage-bench:default: frappe.utils.background_jobs.execute_job(event=None, is_async=True, job_name='frappe.core.doctype.scheduled_job_type.scheduled_job_type.run_scheduled_jo..., kwargs={'job_type': 'frappe.monitor.flush'}, method='frappe.core.doctype.scheduled_job_type.scheduled_job_type.run_scheduled_jo..., site='mantratecerpstage.com', user='Administrator') (mantratecerpstage.com::scheduled_job::frappe.monitor.flush)
2025-01-22 10:00:00,925 home-mantra-mantrastage-bench:default: frappe.utils.background_jobs.execute_job(event=None, is_async=True, job_name='frappe.core.doctype.scheduled_job_type.scheduled_job_type.run_scheduled_jo..., kwargs={'job_type': 'public_file_all'}, method='frappe.core.doctype.scheduled_job_type.scheduled_job_type.run_scheduled_jo..., site='mantratecerpstage.com', user='Administrator') (mantratecerpstage.com::scheduled_job::public_file_all)
2025-01-22 10:00:00,927 home-mantra-mantrastage-bench:default: frappe.utils.background_jobs.execute_job(event=None, is_async=True, job_name='frappe.core.doctype.scheduled_job_type.scheduled_job_type.run_scheduled_jo..., kwargs={'job_type': 'erpnext.utilities.doctype.video.video.update_youtube_data'}, method='frappe.core.doctype.scheduled_job_type.scheduled_job_type.run_scheduled_jo..., site='mantratecerpstage.com', user='Administrator') (mantratecerpstage.com::scheduled_job::erpnext.utilities.doctype.video.video.update_youtube_data)
2025-01-22 10:00:00,931 home-mantra-mantrastage-bench:default: frappe.utils.background_jobs.execute_job(event=None, is_async=True, job_name='frappe.core.doctype.scheduled_job_type.scheduled_job_type.run_scheduled_jo..., kwargs={'job_type': 'mantra_dev.api_code.banck_transaction.get_icici_bank_file'}, method='frappe.core.doctype.scheduled_job_type.scheduled_job_type.run_scheduled_jo..., site='mantratecerpstage.com', user='Administrator') (mantratecerpstage.com::scheduled_job::mantra_dev.api_code.banck_transaction.get_icici_bank_file)
2025-01-22 10:00:00,936 home-mantra-mantrastage-bench:default: frappe.utils.background_jobs.execute_job(event=None, is_async=True, job_name='frappe.core.doctype.scheduled_job_type.scheduled_job_type.run_scheduled_jo..., kwargs={'job_type': 'india_compliance.gst_india.utils.e_invoice.retry_e_invoice_e_..., method='frappe.core.doctype.scheduled_job_type.scheduled_job_type.run_scheduled_jo..., site='mantratecerpstage.com', user='Administrator') (mantratecerpstage.com::scheduled_job::india_compliance.gst_india.utils.e_invoice.retry_e_invoice_e_waybill_generation)
2025-01-22 10:00:00,942 home-mantra-mantrastage-bench:default: frappe.utils.background_jobs.execute_job(event=None, is_async=True, job_name='frappe.core.doctype.scheduled_job_type.scheduled_job_type.run_scheduled_jo..., kwargs={'job_type': 'india_compliance.gst_india.doctype.purchase_reconciliation_to..., method='frappe.core.doctype.scheduled_job_type.scheduled_job_type.run_scheduled_jo..., site='mantratecerpstage.com', user='Administrator') (mantratecerpstage.com::scheduled_job::india_compliance.gst_india.doctype.purchase_reconciliation_tool.purchase_reconciliation_tool.auto_refresh_authtoken)
2025-01-22 10:00:00,944 home-mantra-mantrastage-bench:default: frappe.utils.background_jobs.execute_job(event=None, is_async=True, job_name='frappe.core.doctype.scheduled_job_type.scheduled_job_type.run_scheduled_jo..., kwargs={'job_type': 'frappe.oauth.delete_oauth2_data'}, method='frappe.core.doctype.scheduled_job_type.scheduled_job_type.run_scheduled_jo..., site='mantratecerpstage.com', user='Administrator') (mantratecerpstage.com::scheduled_job::frappe.oauth.delete_oauth2_data)
2025-01-22 10:00:00,947 home-mantra-mantrastage-bench:default: frappe.utils.background_jobs.execute_job(event=None, is_async=True, job_name='frappe.core.doctype.scheduled_job_type.scheduled_job_type.run_scheduled_jo..., kwargs={'job_type': 'frappe.website.doctype.web_page.web_page.check_publish_status..., method='frappe.core.doctype.scheduled_job_type.scheduled_job_type.run_scheduled_jo..., site='mantratecerpstage.com', user='Administrator') (mantratecerpstage.com::scheduled_job::frappe.website.doctype.web_page.web_page.check_publish_status)
2025-01-22 10:00:00,950 home-mantra-mantrastage-bench:default: frappe.utils.background_jobs.execute_job(event=None, is_async=True, job_name='frappe.core.doctype.scheduled_job_type.scheduled_job_type.run_scheduled_jo..., kwargs={'job_type': 'frappe.twofactor.delete_all_barcodes_for_users'}, method='frappe.core.doctype.scheduled_job_type.scheduled_job_type.run_scheduled_jo..., site='mantratecerpstage.com', user='Administrator') (mantratecerpstage.com::scheduled_job::frappe.twofactor.delete_all_barcodes_for_users)
2025-01-22 10:00:00,955 home-mantra-mantrastage-bench:default: frappe.utils.background_jobs.execute_job(event=None, is_async=True, job_name='frappe.core.doctype.scheduled_job_type.scheduled_job_type.run_scheduled_jo..., kwargs={'job_type': 'frappe.email.doctype.email_account.email_account.pull'}, method='frappe.core.doctype.scheduled_job_type.scheduled_job_type.run_scheduled_jo..., site='mantratecerpstage.com', user='Administrator') (mantratecerpstage.com::scheduled_job::frappe.email.doctype.email_account.email_account.pull)
2025-01-22 10:00:00,960 home-mantra-mantrastage-bench:default: frappe.utils.background_jobs.execute_job(event=None, is_async=True, job_name='frappe.core.doctype.scheduled_job_type.scheduled_job_type.run_scheduled_jo..., kwargs={'job_type': 'frappe.model.utils.link_count.update_link_count'}, method='frappe.core.doctype.scheduled_job_type.scheduled_job_type.run_scheduled_jo..., site='mantratecerpstage.com', user='Administrator') (mantratecerpstage.com::scheduled_job::frappe.model.utils.link_count.update_link_count)
2025-01-22 10:00:00,965 home-mantra-mantrastage-bench:default: frappe.utils.background_jobs.execute_job(event=None, is_async=True, job_name='frappe.core.doctype.scheduled_job_type.scheduled_job_type.run_scheduled_jo..., kwargs={'job_type': 'frappe.model.utils.user_settings.sync_user_settings'}, method='frappe.core.doctype.scheduled_job_type.scheduled_job_type.run_scheduled_jo..., site='mantratecerpstage.com', user='Administrator') (mantratecerpstage.com::scheduled_job::frappe.model.utils.user_settings.sync_user_settings)
2025-01-22 10:00:00,988 home-mantra-mantrastage-bench:default: Job OK (mantratecerpstage.com::scheduled_job::frappe.automation.doctype.reminder.reminder.send_reminders)
2025-01-22 10:00:00,988 Result is kept for 600 seconds
2025-01-22 10:00:00,993 home-mantra-mantrastage-bench:default: Job OK (mantratecerpstage.com::scheduled_job::frappe.monitor.flush)
2025-01-22 10:00:00,993 Result is kept for 600 seconds
2025-01-22 10:00:00,994 home-mantra-mantrastage-bench:default: frappe.utils.background_jobs.execute_job(event=None, is_async=True, job_name='frappe.core.doctype.scheduled_job_type.scheduled_job_type.run_scheduled_jo..., kwargs={'job_type': 'frappe.desk.page.backups.backups.delete_downloadable_backups'..., method='frappe.core.doctype.scheduled_job_type.scheduled_job_type.run_scheduled_jo..., site='mantratecerpstage.com', user='Administrator') (mantratecerpstage.com::scheduled_job::frappe.desk.page.backups.backups.delete_downloadable_backups)
2025-01-22 10:00:01,000 home-mantra-mantrastage-bench:default: frappe.utils.background_jobs.execute_job(event=None, is_async=True, job_name='frappe.core.doctype.scheduled_job_type.scheduled_job_type.run_scheduled_jo..., kwargs={'job_type': 'frappe.email.doctype.newsletter.newsletter.send_scheduled_ema..., method='frappe.core.doctype.scheduled_job_type.scheduled_job_type.run_scheduled_jo..., site='mantratecerpstage.com', user='Administrator') (mantratecerpstage.com::scheduled_job::frappe.email.doctype.newsletter.newsletter.send_scheduled_email)
2025-01-22 10:00:01,004 home-mantra-mantrastage-bench:default: Job OK (mantratecerpstage.com::scheduled_job::hrms.hr.doctype.interview.interview.send_interview_reminder)
2025-01-22 10:00:01,004 Result is kept for 600 seconds
2025-01-22 10:00:01,009 home-mantra-mantrastage-bench:default: frappe.utils.background_jobs.execute_job(event=None, is_async=True, job_name='frappe.core.doctype.scheduled_job_type.scheduled_job_type.run_scheduled_jo..., kwargs={'job_type': 'frappe.website.doctype.personal_data_deletion_request.persona..., method='frappe.core.doctype.scheduled_job_type.scheduled_job_type.run_scheduled_jo..., site='mantratecerpstage.com', user='Administrator') (mantratecerpstage.com::scheduled_job::frappe.website.doctype.personal_data_deletion_request.personal_data_deletion_request.process_data_deletion_request)
2025-01-22 10:00:01,108 home-mantra-mantrastage-bench:default: Job OK (mantratecerpstage.com::scheduled_job::lms.lms.doctype.lms_certificate_request.lms_certificate_request.schedule_evals)
2025-01-22 10:00:01,108 Result is kept for 600 seconds
2025-01-22 10:00:01,128 home-mantra-mantrastage-bench:default: frappe.utils.background_jobs.execute_job(event=None, is_async=True, job_name='frappe.core.doctype.scheduled_job_type.scheduled_job_type.run_scheduled_jo..., kwargs={'job_type': 'erpnext.manufacturing.doctype.bom_update_log.bom_update_log.r..., method='frappe.core.doctype.scheduled_job_type.scheduled_job_type.run_scheduled_jo..., site='mantratecerpstage.com', user='Administrator') (mantratecerpstage.com::scheduled_job::erpnext.manufacturing.doctype.bom_update_log.bom_update_log.resume_bom_cost_update_jobs)
2025-01-22 10:00:01,138 home-mantra-mantrastage-bench:default: Job OK (mantratecerpstage.com::scheduled_job::lms.lms.api.update_course_statistics)
2025-01-22 10:00:01,138 Result is kept for 600 seconds
2025-01-22 10:00:01,145 home-mantra-mantrastage-bench:default: frappe.utils.background_jobs.execute_job(event=None, is_async=True, job_name='frappe.core.doctype.scheduled_job_type.scheduled_job_type.run_scheduled_jo..., kwargs={'job_type': 'erpnext.accounts.doctype.process_payment_reconciliation.proce..., method='frappe.core.doctype.scheduled_job_type.scheduled_job_type.run_scheduled_jo..., site='mantratecerpstage.com', user='Administrator') (mantratecerpstage.com::scheduled_job::erpnext.accounts.doctype.process_payment_reconciliation.process_payment_reconciliation.trigger_reconciliation_for_queued_docs)
2025-01-22 10:00:01,146 home-mantra-mantrastage-bench:default: Job OK (mantratecerpstage.com::scheduled_job::frappe.oauth.delete_oauth2_data)
2025-01-22 10:00:01,146 Result is kept for 600 seconds
2025-01-22 10:00:01,150 home-mantra-mantrastage-bench:default: Job OK (mantratecerpstage.com::scheduled_job::frappe.website.doctype.web_page.web_page.check_publish_status)
2025-01-22 10:00:01,150 Result is kept for 600 seconds
2025-01-22 10:00:01,154 home-mantra-mantrastage-bench:default: frappe.utils.background_jobs.execute_job(event=None, is_async=True, job_name='frappe.core.doctype.scheduled_job_type.scheduled_job_type.run_scheduled_jo..., kwargs={'job_type': 'erpnext.erpnext_integrations.doctype.plaid_settings.plaid_set..., method='frappe.core.doctype.scheduled_job_type.scheduled_job_type.run_scheduled_jo..., site='mantratecerpstage.com', user='Administrator') (mantratecerpstage.com::scheduled_job::erpnext.erpnext_integrations.doctype.plaid_settings.plaid_settings.automatic_synchronization)
2025-01-22 10:00:01,160 home-mantra-mantrastage-bench:default: frappe.utils.background_jobs.execute_job(event=None, is_async=True, job_name='frappe.core.doctype.scheduled_job_type.scheduled_job_type.run_scheduled_jo..., kwargs={'job_type': 'erpnext.projects.doctype.project.project.project_status_updat..., method='frappe.core.doctype.scheduled_job_type.scheduled_job_type.run_scheduled_jo..., site='mantratecerpstage.com', user='Administrator') (mantratecerpstage.com::scheduled_job::erpnext.projects.doctype.project.project.project_status_update_reminder)
2025-01-22 10:00:01,174 home-mantra-mantrastage-bench:default: Job OK (mantratecerpstage.com::scheduled_job::frappe.email.doctype.email_account.email_account.pull)
2025-01-22 10:00:01,174 Result is kept for 600 seconds
2025-01-22 10:00:01,175 home-mantra-mantrastage-bench:default: Job OK (mantratecerpstage.com::scheduled_job::frappe.model.utils.user_settings.sync_user_settings)
2025-01-22 10:00:01,176 Result is kept for 600 seconds
2025-01-22 10:00:01,180 home-mantra-mantrastage-bench:default: frappe.utils.background_jobs.execute_job(event=None, is_async=True, job_name='frappe.core.doctype.scheduled_job_type.scheduled_job_type.run_scheduled_jo..., kwargs={'job_type': 'erpnext.projects.doctype.project.project.hourly_reminder'}, method='frappe.core.doctype.scheduled_job_type.scheduled_job_type.run_scheduled_jo..., site='mantratecerpstage.com', user='Administrator') (mantratecerpstage.com::scheduled_job::erpnext.projects.doctype.project.project.hourly_reminder)
2025-01-22 10:00:01,183 home-mantra-mantrastage-bench:default: frappe.utils.background_jobs.execute_job(event=None, is_async=True, job_name='frappe.core.doctype.scheduled_job_type.scheduled_job_type.run_scheduled_jo..., kwargs={'job_type': 'erpnext.projects.doctype.project.project.collect_project_stat..., method='frappe.core.doctype.scheduled_job_type.scheduled_job_type.run_scheduled_jo..., site='mantratecerpstage.com', user='Administrator') (mantratecerpstage.com::scheduled_job::erpnext.projects.doctype.project.project.collect_project_status)
2025-01-22 10:00:01,186 home-mantra-mantrastage-bench:default: Job OK (mantratecerpstage.com::scheduled_job::frappe.model.utils.link_count.update_link_count)
2025-01-22 10:00:01,186 Result is kept for 600 seconds
2025-01-22 10:00:01,193 home-mantra-mantrastage-bench:default: frappe.utils.background_jobs.execute_job(event=None, is_async=True, job_name='frappe.core.doctype.scheduled_job_type.scheduled_job_type.run_scheduled_jo..., kwargs={'job_type': 'frappe.deferred_insert.save_to_db'}, method='frappe.core.doctype.scheduled_job_type.scheduled_job_type.run_scheduled_jo..., site='mantratecerpstage.com', user='Administrator') (mantratecerpstage.com::scheduled_job::frappe.deferred_insert.save_to_db)
2025-01-22 10:00:01,195 home-mantra-mantrastage-bench:default: Job OK (mantratecerpstage.com::scheduled_job::frappe.desk.page.backups.backups.delete_downloadable_backups)
2025-01-22 10:00:01,196 Result is kept for 600 seconds
2025-01-22 10:00:01,196 home-mantra-mantrastage-bench:default: Job OK (mantratecerpstage.com::scheduled_job::erpnext.utilities.doctype.video.video.update_youtube_data)
2025-01-22 10:00:01,197 Result is kept for 600 seconds
2025-01-22 10:00:01,197 home-mantra-mantrastage-bench:default: Job OK (mantratecerpstage.com::scheduled_job::frappe.email.queue.flush)
2025-01-22 10:00:01,197 Result is kept for 600 seconds
2025-01-22 10:00:01,202 home-mantra-mantrastage-bench:default: frappe.utils.background_jobs.execute_job(event=None, is_async=True, job_name='frappe.core.doctype.scheduled_job_type.scheduled_job_type.run_scheduled_jo..., kwargs={'job_type': 'frappe.utils.global_search.sync_global_search'}, method='frappe.core.doctype.scheduled_job_type.scheduled_job_type.run_scheduled_jo..., site='mantratecerpstage.com', user='Administrator') (mantratecerpstage.com::scheduled_job::frappe.utils.global_search.sync_global_search)
2025-01-22 10:00:01,203 home-mantra-mantrastage-bench:default: Job OK (mantratecerpstage.com::scheduled_job::frappe.email.doctype.newsletter.newsletter.send_scheduled_email)
2025-01-22 10:00:01,204 Result is kept for 600 seconds
2025-01-22 10:00:01,206 home-mantra-mantrastage-bench:default: frappe.utils.background_jobs.execute_job(event=None, is_async=True, job_name='frappe.core.doctype.scheduled_job_type.scheduled_job_type.run_scheduled_jo..., kwargs={'job_type': 'frappe.email.doctype.email_account.email_account.notify_unrep..., method='frappe.core.doctype.scheduled_job_type.scheduled_job_type.run_scheduled_jo..., site='mantratecerpstage.com', user='Administrator') (mantratecerpstage.com::scheduled_job::frappe.email.doctype.email_account.email_account.notify_unreplied)
2025-01-22 10:00:01,207 home-mantra-mantrastage-bench:default: frappe.utils.background_jobs.execute_job(event=None, is_async=True, job_name='frappe.core.doctype.scheduled_job_type.scheduled_job_type.run_scheduled_jo..., kwargs={'job_type': 'hrms.hr.doctype.daily_work_summary_group.daily_work_summary_g..., method='frappe.core.doctype.scheduled_job_type.scheduled_job_type.run_scheduled_jo..., site='mantratecerpstage.com', user='Administrator') (mantratecerpstage.com::scheduled_job::hrms.hr.doctype.daily_work_summary_group.daily_work_summary_group.trigger_emails)
2025-01-22 10:00:01,209 home-mantra-mantrastage-bench:default: frappe.utils.background_jobs.execute_job(event=None, is_async=True, job_name='frappe.core.doctype.scheduled_job_type.scheduled_job_type.run_scheduled_jo..., kwargs={'job_type': 'frappe.desk.form.document_follow.send_hourly_updates'}, method='frappe.core.doctype.scheduled_job_type.scheduled_job_type.run_scheduled_jo..., site='mantratecerpstage.com', user='Administrator') (mantratecerpstage.com::scheduled_job::frappe.desk.form.document_follow.send_hourly_updates)
2025-01-22 10:00:01,216 home-mantra-mantrastage-bench:long: frappe.utils.background_jobs.execute_job(event=None, is_async=True, job_name='Beny file process', kwargs={'delimiter': '|'}, method=<function get_bene_file at 0x796b20df6ac0>, site='mantratecerpstage.com', user='Administrator') (mantratecerpstage.com::8a5352d5-90f3-4ddc-be4d-2f977a1802db)
2025-01-22 10:00:01,217 home-mantra-mantrastage-bench:long: frappe.utils.background_jobs.execute_job(event=None, is_async=True, job_name='ICICI file process', kwargs={'delimiter': '|'}, method=<function get_icici_bank_file_background at 0x796b20c047c0>, site='mantratecerpstage.com', user='Administrator') (mantratecerpstage.com::8329360e-0121-434e-baf2-6c473520f4a5)
2025-01-22 10:00:01,225 home-mantra-mantrastage-bench:default: Job OK (mantratecerpstage.com::scheduled_job::mantra_dev.api_code.banck_transaction.get_icici_bank_file)
2025-01-22 10:00:01,225 Result is kept for 600 seconds
2025-01-22 10:00:01,295 home-mantra-mantrastage-bench:default: Job OK (mantratecerpstage.com::scheduled_job::frappe.website.doctype.personal_data_deletion_request.personal_data_deletion_request.process_data_deletion_request)
2025-01-22 10:00:01,295 Result is kept for 600 seconds
2025-01-22 10:00:01,350 home-mantra-mantrastage-bench:long: Job OK (mantratecerpstage.com::8329360e-0121-434e-baf2-6c473520f4a5)
2025-01-22 10:00:01,350 Result is kept for 600 seconds
2025-01-22 10:00:01,365 home-mantra-mantrastage-bench:long: Job OK (mantratecerpstage.com::8a5352d5-90f3-4ddc-be4d-2f977a1802db)
2025-01-22 10:00:01,365 Result is kept for 600 seconds
2025-01-22 10:00:01,375 home-mantra-mantrastage-bench:default: Job OK (mantratecerpstage.com::scheduled_job::erpnext.manufacturing.doctype.bom_update_log.bom_update_log.resume_bom_cost_update_jobs)
2025-01-22 10:00:01,375 Result is kept for 600 seconds
2025-01-22 10:00:01,379 home-mantra-mantrastage-bench:default: Job OK (mantratecerpstage.com::scheduled_job::erpnext.projects.doctype.project.project.project_status_update_reminder)
2025-01-22 10:00:01,379 Result is kept for 600 seconds
2025-01-22 10:00:01,384 home-mantra-mantrastage-bench:default: Job OK (mantratecerpstage.com::scheduled_job::erpnext.projects.doctype.project.project.hourly_reminder)
2025-01-22 10:00:01,384 Result is kept for 600 seconds
2025-01-22 10:00:01,403 home-mantra-mantrastage-bench:default: Job OK (mantratecerpstage.com::scheduled_job::erpnext.erpnext_integrations.doctype.plaid_settings.plaid_settings.automatic_synchronization)
2025-01-22 10:00:01,403 Result is kept for 600 seconds
2025-01-22 10:00:01,412 home-mantra-mantrastage-bench:default: Job OK (mantratecerpstage.com::scheduled_job::erpnext.projects.doctype.project.project.collect_project_status)
2025-01-22 10:00:01,413 Result is kept for 600 seconds
2025-01-22 10:00:01,414 home-mantra-mantrastage-bench:default: Job OK (mantratecerpstage.com::scheduled_job::erpnext.accounts.doctype.process_payment_reconciliation.process_payment_reconciliation.trigger_reconciliation_for_queued_docs)
2025-01-22 10:00:01,414 Result is kept for 600 seconds
2025-01-22 10:00:01,415 home-mantra-mantrastage-bench:default: Job OK (mantratecerpstage.com::scheduled_job::hrms.hr.doctype.daily_work_summary_group.daily_work_summary_group.trigger_emails)
2025-01-22 10:00:01,415 Result is kept for 600 seconds
2025-01-22 10:00:01,433 home-mantra-mantrastage-bench:default: Job OK (mantratecerpstage.com::scheduled_job::frappe.utils.global_search.sync_global_search)
2025-01-22 10:00:01,433 Result is kept for 600 seconds
2025-01-22 10:00:01,463 home-mantra-mantrastage-bench:default: Job OK (mantratecerpstage.com::scheduled_job::frappe.email.doctype.email_account.email_account.notify_unreplied)
2025-01-22 10:00:01,463 Result is kept for 600 seconds
2025-01-22 10:00:01,472 home-mantra-mantrastage-bench:default: Job OK (mantratecerpstage.com::scheduled_job::frappe.deferred_insert.save_to_db)
2025-01-22 10:00:01,472 Result is kept for 600 seconds
2025-01-22 10:00:01,492 home-mantra-mantrastage-bench:default: Job OK (mantratecerpstage.com::scheduled_job::india_compliance.gst_india.doctype.purchase_reconciliation_tool.purchase_reconciliation_tool.auto_refresh_authtoken)
2025-01-22 10:00:01,492 Result is kept for 600 seconds
2025-01-22 10:00:01,506 home-mantra-mantrastage-bench:default: Job OK (mantratecerpstage.com::scheduled_job::public_file_all)
2025-01-22 10:00:01,506 Result is kept for 600 seconds
2025-01-22 10:00:01,510 home-mantra-mantrastage-bench:default: Job OK (mantratecerpstage.com::scheduled_job::india_compliance.gst_india.utils.e_invoice.retry_e_invoice_e_waybill_generation)
2025-01-22 10:00:01,510 Result is kept for 600 seconds
2025-01-22 10:00:01,757 home-mantra-mantrastage-bench:default: Job OK (mantratecerpstage.com::scheduled_job::frappe.desk.form.document_follow.send_hourly_updates)
2025-01-22 10:00:01,757 Result is kept for 600 seconds
2025-01-22 10:00:02,732 home-mantra-mantrastage-bench:default: Job OK (mantratecerpstage.com::scheduled_job::frappe.twofactor.delete_all_barcodes_for_users)
2025-01-22 10:00:02,732 Result is kept for 600 seconds
2025-01-22 10:00:08,285 home-mantra-mantrastage-bench:short: frappe.utils.background_jobs.execute_job(event=None, is_async=True, job_name='frappe.sendmail', kwargs={'recipients': 'jitendra@mantratec.com', 'sender': None, 'subject': 'Login ..., method=<function sendmail at 0x7cfc5b6bdc60>, site='mantratecerpstage.com', user=None) (mantratecerpstage.com::ba82f076-bf7d-46a8-a727-4b43d841c909)
ERROR	PropertyValue: Missing token for production Choice(ColorValue, Dimension, URIValue, Value, variable, MSValue, CSSCalc, function): ('HASH', '#0000001a', 1, 3215)
ERROR	PropertyValue: Unknown syntax or no value: 0 3px 6px #0000001a
ERROR	CSSStyleDeclaration: Syntax Error in Property: box-shadow:0 3px 6px #0000001a
2025-01-22 10:00:09,324 home-mantra-mantrastage-bench:long: frappe.utils.background_jobs.execute_job(event=None, is_async=True, job_name='Repost h2fnopdmpk', kwargs={'doc': <RepostItemValuation: h2fnopdmpk docstatus=1>}, method=<function repost at 0x7cfc4ffc0540>, site='mantratecerpstage.com', user='Guest') (mantratecerpstage.com::a46e07cc-fa28-4d09-82ab-f8f9c8276de8)
2025-01-22 10:00:09,324 home-mantra-mantrastage-bench:long: frappe.utils.background_jobs.execute_job(event=None, is_async=True, job_name='Delete Repost Entries h2fnopdmpk', kwargs={'doc_name': 'h2fnopdmpk'}, method=<function delete_entry_from_error_log at 0x7cfc4ffc19e0>, site='mantratecerpstage.com', user='Guest') (mantratecerpstage.com::cc45cb96-2198-4f68-a1b4-082cc510f4a3)
2025-01-22 10:00:09,350 home-mantra-mantrastage-bench:long: Job OK (mantratecerpstage.com::cc45cb96-2198-4f68-a1b4-082cc510f4a3)
2025-01-22 10:00:09,350 Result is kept for 600 seconds
2025-01-22 10:00:10,443 home-mantra-mantrastage-bench:short: Job OK (mantratecerpstage.com::ba82f076-bf7d-46a8-a727-4b43d841c909)
2025-01-22 10:00:10,444 Result is kept for 600 seconds
2025-01-22 10:00:14,868 home-mantra-mantrastage-bench:default: frappe.utils.background_jobs.execute_job(event=None, is_async=True, job_name='frappe.model.delete_doc.delete_dynamic_links', kwargs={'doctype': 'File', 'name': '2844089e24'}, method='frappe.model.delete_doc.delete_dynamic_links', site='mantratecerpstage.com', user='Guest') (mantratecerpstage.com::399ca7a5-b561-4eda-9515-c7cba59536e8)
2025-01-22 10:00:14,873 home-mantra-mantrastage-bench:long: Job OK (mantratecerpstage.com::a46e07cc-fa28-4d09-82ab-f8f9c8276de8)
2025-01-22 10:00:14,873 Result is kept for 600 seconds
2025-01-22 10:00:14,883 home-mantra-mantrastage-bench:default: Job OK (mantratecerpstage.com::399ca7a5-b561-4eda-9515-c7cba59536e8)
2025-01-22 10:00:14,883 Result is kept for 600 seconds
2025-01-22 10:01:09,436 home-mantra-mantrastage-bench:long: frappe.utils.background_jobs.execute_job(event=None, is_async=True, job_name='Repost h2fohbvbge', kwargs={'doc': <RepostItemValuation: h2fohbvbge docstatus=1>}, method=<function repost at 0x7cfc4ffc0540>, site='mantratecerpstage.com', user='Guest') (mantratecerpstage.com::bfb0a220-9288-48a0-a9dc-25ff316b42bb)
2025-01-22 10:01:09,436 home-mantra-mantrastage-bench:long: frappe.utils.background_jobs.execute_job(event=None, is_async=True, job_name='Delete Repost Entries h2fohbvbge', kwargs={'doc_name': 'h2fohbvbge'}, method=<function delete_entry_from_error_log at 0x7cfc4ffc19e0>, site='mantratecerpstage.com', user='Guest') (mantratecerpstage.com::ebd141cc-08fb-4e85-ab4b-e4900671c132)
2025-01-22 10:01:09,461 home-mantra-mantrastage-bench:long: Job OK (mantratecerpstage.com::ebd141cc-08fb-4e85-ab4b-e4900671c132)
2025-01-22 10:01:09,461 Result is kept for 600 seconds
2025-01-22 10:01:14,019 home-mantra-mantrastage-bench:default: frappe.utils.background_jobs.execute_job(event=None, is_async=True, job_name='frappe.model.delete_doc.delete_dynamic_links', kwargs={'doctype': 'File', 'name': '65dbdc713a'}, method='frappe.model.delete_doc.delete_dynamic_links', site='mantratecerpstage.com', user='Guest') (mantratecerpstage.com::58a91c83-2299-4977-a40f-7b7d4fbbc2fd)
2025-01-22 10:01:14,022 home-mantra-mantrastage-bench:long: Job OK (mantratecerpstage.com::bfb0a220-9288-48a0-a9dc-25ff316b42bb)
2025-01-22 10:01:14,022 Result is kept for 600 seconds
2025-01-22 10:01:14,034 home-mantra-mantrastage-bench:default: Job OK (mantratecerpstage.com::58a91c83-2299-4977-a40f-7b7d4fbbc2fd)
2025-01-22 10:01:14,034 Result is kept for 600 seconds
2025-01-22 10:02:09,569 home-mantra-mantrastage-bench:long: frappe.utils.background_jobs.execute_job(event=None, is_async=True, job_name='Repost h2qv8g8nsn', kwargs={'doc': <RepostItemValuation: h2qv8g8nsn docstatus=1>}, method=<function repost at 0x7cfc4ffc0540>, site='mantratecerpstage.com', user='Guest') (mantratecerpstage.com::6e7ef180-625c-45e0-bd46-6b568882cee3)
2025-01-22 10:02:09,569 home-mantra-mantrastage-bench:long: frappe.utils.background_jobs.execute_job(event=None, is_async=True, job_name='Delete Repost Entries h2qv8g8nsn', kwargs={'doc_name': 'h2qv8g8nsn'}, method=<function delete_entry_from_error_log at 0x7cfc4ffc19e0>, site='mantratecerpstage.com', user='Guest') (mantratecerpstage.com::e3e64eb2-2fa9-4316-8dca-74cf6185e4e4)
2025-01-22 10:02:09,595 home-mantra-mantrastage-bench:long: Job OK (mantratecerpstage.com::e3e64eb2-2fa9-4316-8dca-74cf6185e4e4)
2025-01-22 10:02:09,595 Result is kept for 600 seconds
2025-01-22 10:02:13,833 home-mantra-mantrastage-bench:default: frappe.utils.background_jobs.execute_job(event=None, is_async=True, job_name='frappe.model.delete_doc.delete_dynamic_links', kwargs={'doctype': 'File', 'name': '8444c10727'}, method='frappe.model.delete_doc.delete_dynamic_links', site='mantratecerpstage.com', user='Guest') (mantratecerpstage.com::207c15b7-6a23-41b4-8475-cc47f10c4675)
2025-01-22 10:02:13,837 home-mantra-mantrastage-bench:long: Job OK (mantratecerpstage.com::6e7ef180-625c-45e0-bd46-6b568882cee3)
2025-01-22 10:02:13,837 Result is kept for 600 seconds
2025-01-22 10:02:13,848 home-mantra-mantrastage-bench:default: Job OK (mantratecerpstage.com::207c15b7-6a23-41b4-8475-cc47f10c4675)
2025-01-22 10:02:13,848 Result is kept for 600 seconds
2025-01-22 10:03:01,413 home-mantra-mantrastage-bench:long: frappe.utils.background_jobs.execute_job(event=None, is_async=True, job_name='frappe.core.doctype.scheduled_job_type.scheduled_job_type.run_scheduled_jo..., kwargs={'job_type': 'hrms.hr.doctype.shift_type.shift_type.process_auto_attendance..., method='frappe.core.doctype.scheduled_job_type.scheduled_job_type.run_scheduled_jo..., site='mantratecerpstage.com', user='Administrator') (mantratecerpstage.com::scheduled_job::hrms.hr.doctype.shift_type.shift_type.process_auto_attendance_for_all_shifts)
2025-01-22 10:03:01,477 home-mantra-mantrastage-bench:long: frappe.utils.background_jobs.execute_job(event=None, is_async=True, job_name='frappe.core.doctype.scheduled_job_type.scheduled_job_type.run_scheduled_jo..., kwargs={'job_type': 'erpnext.stock.doctype.repost_item_valuation.repost_item_valua..., method='frappe.core.doctype.scheduled_job_type.scheduled_job_type.run_scheduled_jo..., site='mantratecerpstage.com', user='Administrator') (mantratecerpstage.com::scheduled_job::erpnext.stock.doctype.repost_item_valuation.repost_item_valuation.repost_entries)
2025-01-22 10:03:01,531 home-mantra-mantrastage-bench:long: Job OK (mantratecerpstage.com::scheduled_job::hrms.hr.doctype.shift_type.shift_type.process_auto_attendance_for_all_shifts)
2025-01-22 10:03:01,531 Result is kept for 600 seconds
2025-01-22 10:03:01,586 home-mantra-mantrastage-bench:long: Job OK (mantratecerpstage.com::scheduled_job::erpnext.stock.doctype.repost_item_valuation.repost_item_valuation.repost_entries)
2025-01-22 10:03:01,586 Result is kept for 600 seconds
2025-01-22 10:03:09,721 home-mantra-mantrastage-bench:long: frappe.utils.background_jobs.execute_job(event=None, is_async=True, job_name='Repost h2qvj9031p', kwargs={'doc': <RepostItemValuation: h2qvj9031p docstatus=1>}, method=<function repost at 0x7cfc4ffc0540>, site='mantratecerpstage.com', user='Guest') (mantratecerpstage.com::37a72dc2-c902-452e-ba13-95c9ba797255)
2025-01-22 10:03:09,721 home-mantra-mantrastage-bench:long: frappe.utils.background_jobs.execute_job(event=None, is_async=True, job_name='Delete Repost Entries h2qvj9031p', kwargs={'doc_name': 'h2qvj9031p'}, method=<function delete_entry_from_error_log at 0x7cfc4ffc19e0>, site='mantratecerpstage.com', user='Guest') (mantratecerpstage.com::eebb8e61-ba9b-4443-9d11-378a5200cb3e)
2025-01-22 10:03:09,745 home-mantra-mantrastage-bench:long: Job OK (mantratecerpstage.com::eebb8e61-ba9b-4443-9d11-378a5200cb3e)
2025-01-22 10:03:09,745 Result is kept for 600 seconds
2025-01-22 10:03:09,747 Cleaning registries for queue: home-mantra-mantrastage-bench:short
2025-01-22 10:03:09,748 Cleaning registries for queue: home-mantra-mantrastage-bench:default
2025-01-22 10:03:14,170 home-mantra-mantrastage-bench:default: frappe.utils.background_jobs.execute_job(event=None, is_async=True, job_name='frappe.model.delete_doc.delete_dynamic_links', kwargs={'doctype': 'File', 'name': '63ea3e89a8'}, method='frappe.model.delete_doc.delete_dynamic_links', site='mantratecerpstage.com', user='Guest') (mantratecerpstage.com::0e6d764c-1f01-433b-ac56-901989a0890c)
2025-01-22 10:03:14,174 home-mantra-mantrastage-bench:long: Job OK (mantratecerpstage.com::37a72dc2-c902-452e-ba13-95c9ba797255)
2025-01-22 10:03:14,174 Result is kept for 600 seconds
2025-01-22 10:03:14,186 home-mantra-mantrastage-bench:default: Job OK (mantratecerpstage.com::0e6d764c-1f01-433b-ac56-901989a0890c)
2025-01-22 10:03:14,186 Result is kept for 600 seconds
2025-01-22 10:04:01,519 home-mantra-mantrastage-bench:default: frappe.utils.background_jobs.execute_job(event=None, is_async=True, job_name='frappe.core.doctype.scheduled_job_type.scheduled_job_type.run_scheduled_jo..., kwargs={'job_type': 'frappe.email.queue.flush'}, method='frappe.core.doctype.scheduled_job_type.scheduled_job_type.run_scheduled_jo..., site='mantratecerpstage.com', user='Administrator') (mantratecerpstage.com::scheduled_job::frappe.email.queue.flush)
2025-01-22 10:04:01,520 home-mantra-mantrastage-bench:default: frappe.utils.background_jobs.execute_job(event=None, is_async=True, job_name='frappe.core.doctype.scheduled_job_type.scheduled_job_type.run_scheduled_jo..., kwargs={'job_type': 'frappe.automation.doctype.reminder.reminder.send_reminders'}, method='frappe.core.doctype.scheduled_job_type.scheduled_job_type.run_scheduled_jo..., site='mantratecerpstage.com', user='Administrator') (mantratecerpstage.com::scheduled_job::frappe.automation.doctype.reminder.reminder.send_reminders)
2025-01-22 10:04:01,522 home-mantra-mantrastage-bench:default: frappe.utils.background_jobs.execute_job(event=None, is_async=True, job_name='frappe.core.doctype.scheduled_job_type.scheduled_job_type.run_scheduled_jo..., kwargs={'job_type': 'hrms.hr.doctype.interview.interview.send_interview_reminder'}, method='frappe.core.doctype.scheduled_job_type.scheduled_job_type.run_scheduled_jo..., site='mantratecerpstage.com', user='Administrator') (mantratecerpstage.com::scheduled_job::hrms.hr.doctype.interview.interview.send_interview_reminder)
2025-01-22 10:04:01,523 home-mantra-mantrastage-bench:default: frappe.utils.background_jobs.execute_job(event=None, is_async=True, job_name='frappe.core.doctype.scheduled_job_type.scheduled_job_type.run_scheduled_jo..., kwargs={'job_type': 'frappe.monitor.flush'}, method='frappe.core.doctype.scheduled_job_type.scheduled_job_type.run_scheduled_jo..., site='mantratecerpstage.com', user='Administrator') (mantratecerpstage.com::scheduled_job::frappe.monitor.flush)
2025-01-22 10:04:01,525 home-mantra-mantrastage-bench:default: frappe.utils.background_jobs.execute_job(event=None, is_async=True, job_name='frappe.core.doctype.scheduled_job_type.scheduled_job_type.run_scheduled_jo..., kwargs={'job_type': 'public_file_all'}, method='frappe.core.doctype.scheduled_job_type.scheduled_job_type.run_scheduled_jo..., site='mantratecerpstage.com', user='Administrator') (mantratecerpstage.com::scheduled_job::public_file_all)
2025-01-22 10:04:01,566 home-mantra-mantrastage-bench:default: Job OK (mantratecerpstage.com::scheduled_job::frappe.automation.doctype.reminder.reminder.send_reminders)
2025-01-22 10:04:01,566 Result is kept for 600 seconds
2025-01-22 10:04:01,568 home-mantra-mantrastage-bench:default: Job OK (mantratecerpstage.com::scheduled_job::hrms.hr.doctype.interview.interview.send_interview_reminder)
2025-01-22 10:04:01,568 Result is kept for 600 seconds
2025-01-22 10:04:01,570 home-mantra-mantrastage-bench:default: Job OK (mantratecerpstage.com::scheduled_job::frappe.monitor.flush)
2025-01-22 10:04:01,570 Result is kept for 600 seconds
2025-01-22 10:04:01,691 home-mantra-mantrastage-bench:default: Job OK (mantratecerpstage.com::scheduled_job::frappe.email.queue.flush)
2025-01-22 10:04:01,691 Result is kept for 600 seconds
2025-01-22 10:04:01,831 home-mantra-mantrastage-bench:default: Job OK (mantratecerpstage.com::scheduled_job::public_file_all)
2025-01-22 10:04:01,831 Result is kept for 600 seconds
2025-01-22 10:04:09,784 home-mantra-mantrastage-bench:long: frappe.utils.background_jobs.execute_job(event=None, is_async=True, job_name='Repost 7uhm6r631v', kwargs={'doc': <RepostItemValuation: 7uhm6r631v docstatus=1>}, method=<function repost at 0x7cfc4ffc0540>, site='mantratecerpstage.com', user='Guest') (mantratecerpstage.com::8db3cbae-e22f-4cbd-bf12-5cf88c094b4a)
2025-01-22 10:04:09,784 home-mantra-mantrastage-bench:long: frappe.utils.background_jobs.execute_job(event=None, is_async=True, job_name='Delete Repost Entries 7uhm6r631v', kwargs={'doc_name': '7uhm6r631v'}, method=<function delete_entry_from_error_log at 0x7cfc4ffc19e0>, site='mantratecerpstage.com', user='Guest') (mantratecerpstage.com::dc63cc7a-1e54-4437-9379-ba27fc4cd262)
2025-01-22 10:04:09,813 home-mantra-mantrastage-bench:long: Job OK (mantratecerpstage.com::dc63cc7a-1e54-4437-9379-ba27fc4cd262)
2025-01-22 10:04:09,813 Result is kept for 600 seconds
2025-01-22 10:04:18,105 home-mantra-mantrastage-bench:short: frappe.utils.background_jobs.execute_job(event=None, is_async=True, job_name='frappe.sendmail', kwargs={'recipients': 'hq.sales@mantratec.com', 'sender': None, 'subject': 'Login ..., method=<function sendmail at 0x7cfc5b6bdc60>, site='mantratecerpstage.com', user=None) (mantratecerpstage.com::3f92f919-06d1-42ab-8311-87b68c7bb7b2)
ERROR	PropertyValue: Missing token for production Choice(ColorValue, Dimension, URIValue, Value, variable, MSValue, CSSCalc, function): ('HASH', '#0000001a', 1, 3215)
ERROR	PropertyValue: Unknown syntax or no value: 0 3px 6px #0000001a
ERROR	CSSStyleDeclaration: Syntax Error in Property: box-shadow:0 3px 6px #0000001a
2025-01-22 10:04:21,272 home-mantra-mantrastage-bench:short: Job OK (mantratecerpstage.com::3f92f919-06d1-42ab-8311-87b68c7bb7b2)
2025-01-22 10:04:21,273 Result is kept for 600 seconds
2025-01-22 10:05:00,039 [Job mantratecerpstage.com::8db3cbae-e22f-4cbd-bf12-5cf88c094b4a]: exception raised while executing (frappe.utils.background_jobs.execute_job)
Traceback (most recent call last):
  File "/home/mantra/mantrastage-bench/apps/frappe/frappe/database/database.py", line 234, in sql
    self._cursor.execute(query, values)
  File "/home/mantra/mantrastage-bench/env/lib/python3.11/site-packages/pymysql/cursors.py", line 153, in execute
    result = self._query(query)
             ^^^^^^^^^^^^^^^^^^
  File "/home/mantra/mantrastage-bench/env/lib/python3.11/site-packages/pymysql/cursors.py", line 322, in _query
    conn.query(q)
  File "/home/mantra/mantrastage-bench/env/lib/python3.11/site-packages/pymysql/connections.py", line 563, in query
    self._affected_rows = self._read_query_result(unbuffered=unbuffered)
                          ^^^^^^^^^^^^^^^^^^^^^^^^^^^^^^^^^^^^^^^^^^^^^^
  File "/home/mantra/mantrastage-bench/env/lib/python3.11/site-packages/pymysql/connections.py", line 825, in _read_query_result
    result.read()
  File "/home/mantra/mantrastage-bench/env/lib/python3.11/site-packages/pymysql/connections.py", line 1206, in read
    self._read_result_packet(first_packet)
  File "/home/mantra/mantrastage-bench/env/lib/python3.11/site-packages/pymysql/connections.py", line 1283, in _read_result_packet
    self._read_rowdata_packet()
  File "/home/mantra/mantrastage-bench/env/lib/python3.11/site-packages/pymysql/connections.py", line 1330, in _read_rowdata_packet
    packet = self.connection._read_packet()
             ^^^^^^^^^^^^^^^^^^^^^^^^^^^^^^
  File "/home/mantra/mantrastage-bench/env/lib/python3.11/site-packages/pymysql/connections.py", line 775, in _read_packet
    packet.raise_for_error()
  File "/home/mantra/mantrastage-bench/env/lib/python3.11/site-packages/pymysql/protocol.py", line 219, in raise_for_error
    err.raise_mysql_exception(self._data)
  File "/home/mantra/mantrastage-bench/env/lib/python3.11/site-packages/pymysql/err.py", line 150, in raise_mysql_exception
    raise errorclass(errno, errval)
pymysql.err.OperationalError: (1205, 'Lock wait timeout exceeded; try restarting transaction')

The above exception was the direct cause of the following exception:

Traceback (most recent call last):
  File "/home/mantra/mantrastage-bench/apps/mantra_dev/mantra_dev/backend_code/reposting2.py", line 199, in repost
    repost_sl_entries(doc)
  File "/home/mantra/mantrastage-bench/apps/mantra_dev/mantra_dev/backend_code/reposting2.py", line 381, in repost_sl_entries
    repost_future_sle(
  File "/home/mantra/mantrastage-bench/apps/erpnext/erpnext/stock/stock_ledger.py", line 263, in repost_future_sle
    obj = update_entries_after(
          ^^^^^^^^^^^^^^^^^^^^^
  File "/home/mantra/mantrastage-bench/apps/erpnext/erpnext/stock/stock_ledger.py", line 560, in __init__
    self.initialize_previous_data(self.args)
  File "/home/mantra/mantrastage-bench/apps/erpnext/erpnext/stock/stock_ledger.py", line 591, in initialize_previous_data
    previous_sle = get_previous_sle_of_current_voucher(args)
                   ^^^^^^^^^^^^^^^^^^^^^^^^^^^^^^^^^^^^^^^^^
  File "/home/mantra/mantrastage-bench/apps/erpnext/erpnext/stock/stock_ledger.py", line 1535, in get_previous_sle_of_current_voucher
    sle = frappe.db.sql(
          ^^^^^^^^^^^^^^
  File "/home/mantra/mantrastage-bench/apps/frappe/frappe/database/database.py", line 243, in sql
    raise frappe.QueryTimeoutError(e) from e
frappe.exceptions.QueryTimeoutError: (1205, 'Lock wait timeout exceeded; try restarting transaction')

During handling of the above exception, another exception occurred:

Traceback (most recent call last):
  File "/home/mantra/mantrastage-bench/env/lib/python3.11/site-packages/rq/worker.py", line 1428, in perform_job
    rv = job.perform()
         ^^^^^^^^^^^^^
  File "/home/mantra/mantrastage-bench/env/lib/python3.11/site-packages/rq/job.py", line 1278, in perform
    self._result = self._execute()
                   ^^^^^^^^^^^^^^^
  File "/home/mantra/mantrastage-bench/env/lib/python3.11/site-packages/rq/job.py", line 1315, in _execute
    result = self.func(*self.args, **self.kwargs)
             ^^^^^^^^^^^^^^^^^^^^^^^^^^^^^^^^^^^^
  File "/home/mantra/mantrastage-bench/apps/frappe/frappe/utils/background_jobs.py", line 220, in execute_job
    retval = method(**kwargs)
             ^^^^^^^^^^^^^^^^
  File "/home/mantra/mantrastage-bench/apps/frappe/frappe/utils/typing_validations.py", line 31, in wrapper
    return func(*args, **kwargs)
           ^^^^^^^^^^^^^^^^^^^^^
  File "/home/mantra/mantrastage-bench/apps/mantra_dev/mantra_dev/backend_code/reposting2.py", line 229, in repost
    message = "{} <br><br> {}".format(message,str(traceback.format_exc()))
                                                  ^^^^^^^^^^^^^^^^^^^^
AttributeError: 'str' object has no attribute 'format_exc'

2025-01-22 10:05:01,655 home-mantra-mantrastage-bench:default: frappe.utils.background_jobs.execute_job(event=None, is_async=True, job_name='frappe.core.doctype.scheduled_job_type.scheduled_job_type.run_scheduled_jo..., kwargs={'job_type': 'mantra_dev.api_code.banck_transaction.get_icici_bank_file'}, method='frappe.core.doctype.scheduled_job_type.scheduled_job_type.run_scheduled_jo..., site='mantratecerpstage.com', user='Administrator') (mantratecerpstage.com::scheduled_job::mantra_dev.api_code.banck_transaction.get_icici_bank_file)
2025-01-22 10:05:01,657 home-mantra-mantrastage-bench:default: frappe.utils.background_jobs.execute_job(event=None, is_async=True, job_name='frappe.core.doctype.scheduled_job_type.scheduled_job_type.run_scheduled_jo..., kwargs={'job_type': 'india_compliance.gst_india.utils.e_invoice.retry_e_invoice_e_..., method='frappe.core.doctype.scheduled_job_type.scheduled_job_type.run_scheduled_jo..., site='mantratecerpstage.com', user='Administrator') (mantratecerpstage.com::scheduled_job::india_compliance.gst_india.utils.e_invoice.retry_e_invoice_e_waybill_generation)
2025-01-22 10:05:01,852 home-mantra-mantrastage-bench:long: frappe.utils.background_jobs.execute_job(event=None, is_async=True, job_name='Beny file process', kwargs={'delimiter': '|'}, method=<function get_bene_file at 0x78f9b2dc05e0>, site='mantratecerpstage.com', user='Administrator') (mantratecerpstage.com::131074ae-e7b4-4bbc-9080-37919d46dc1c)
2025-01-22 10:05:01,852 home-mantra-mantrastage-bench:long: frappe.utils.background_jobs.execute_job(event=None, is_async=True, job_name='ICICI file process', kwargs={'delimiter': '|'}, method=<function get_icici_bank_file_background at 0x78f9b2dc22a0>, site='mantratecerpstage.com', user='Administrator') (mantratecerpstage.com::329a66fb-256a-422f-ac20-cab25908722b)
2025-01-22 10:05:01,856 home-mantra-mantrastage-bench:default: Job OK (mantratecerpstage.com::scheduled_job::mantra_dev.api_code.banck_transaction.get_icici_bank_file)
2025-01-22 10:05:01,856 Result is kept for 600 seconds
2025-01-22 10:05:01,950 home-mantra-mantrastage-bench:long: Job OK (mantratecerpstage.com::131074ae-e7b4-4bbc-9080-37919d46dc1c)
2025-01-22 10:05:01,950 Result is kept for 600 seconds
2025-01-22 10:05:01,955 home-mantra-mantrastage-bench:long: Job OK (mantratecerpstage.com::329a66fb-256a-422f-ac20-cab25908722b)
2025-01-22 10:05:01,955 Result is kept for 600 seconds
2025-01-22 10:05:02,006 home-mantra-mantrastage-bench:default: Job OK (mantratecerpstage.com::scheduled_job::india_compliance.gst_india.utils.e_invoice.retry_e_invoice_e_waybill_generation)
2025-01-22 10:05:02,006 Result is kept for 600 seconds
2025-01-22 10:05:09,942 home-mantra-mantrastage-bench:long: frappe.utils.background_jobs.execute_job(event=None, is_async=True, job_name='Repost 8mnvun1kjf', kwargs={'doc': <RepostItemValuation: 8mnvun1kjf docstatus=1>}, method=<function repost at 0x7cfc4ffc0540>, site='mantratecerpstage.com', user='Guest') (mantratecerpstage.com::2d171219-1f60-4977-9a48-bea1b3c9df1e)
2025-01-22 10:05:09,943 home-mantra-mantrastage-bench:long: frappe.utils.background_jobs.execute_job(event=None, is_async=True, job_name='Delete Repost Entries 8mnvun1kjf', kwargs={'doc_name': '8mnvun1kjf'}, method=<function delete_entry_from_error_log at 0x7cfc4ffc19e0>, site='mantratecerpstage.com', user='Guest') (mantratecerpstage.com::fa784bd0-c065-4e3a-b336-69dbdc2a85d0)
2025-01-22 10:05:09,973 home-mantra-mantrastage-bench:long: Job OK (mantratecerpstage.com::fa784bd0-c065-4e3a-b336-69dbdc2a85d0)
2025-01-22 10:05:09,973 Result is kept for 600 seconds
2025-01-22 10:05:52,584 home-mantra-mantrastage-bench:short: frappe.utils.background_jobs.execute_job(event=None, is_async=True, job_name='frappe.sendmail', kwargs={'recipients': 'accounts3@mantratec.com', 'sender': None, 'subject': 'Login..., method=<function sendmail at 0x7cfc5b6bdc60>, site='mantratecerpstage.com', user=None) (mantratecerpstage.com::4e5703be-be99-4b31-9254-00080d76ea85)
ERROR	PropertyValue: Missing token for production Choice(ColorValue, Dimension, URIValue, Value, variable, MSValue, CSSCalc, function): ('HASH', '#0000001a', 1, 3215)
ERROR	PropertyValue: Unknown syntax or no value: 0 3px 6px #0000001a
ERROR	CSSStyleDeclaration: Syntax Error in Property: box-shadow:0 3px 6px #0000001a
2025-01-22 10:05:54,992 home-mantra-mantrastage-bench:short: Job OK (mantratecerpstage.com::4e5703be-be99-4b31-9254-00080d76ea85)
2025-01-22 10:05:54,992 Result is kept for 600 seconds
2025-01-22 10:06:00,203 [Job mantratecerpstage.com::2d171219-1f60-4977-9a48-bea1b3c9df1e]: exception raised while executing (frappe.utils.background_jobs.execute_job)
Traceback (most recent call last):
  File "/home/mantra/mantrastage-bench/apps/frappe/frappe/database/database.py", line 234, in sql
    self._cursor.execute(query, values)
  File "/home/mantra/mantrastage-bench/env/lib/python3.11/site-packages/pymysql/cursors.py", line 153, in execute
    result = self._query(query)
             ^^^^^^^^^^^^^^^^^^
  File "/home/mantra/mantrastage-bench/env/lib/python3.11/site-packages/pymysql/cursors.py", line 322, in _query
    conn.query(q)
  File "/home/mantra/mantrastage-bench/env/lib/python3.11/site-packages/pymysql/connections.py", line 563, in query
    self._affected_rows = self._read_query_result(unbuffered=unbuffered)
                          ^^^^^^^^^^^^^^^^^^^^^^^^^^^^^^^^^^^^^^^^^^^^^^
  File "/home/mantra/mantrastage-bench/env/lib/python3.11/site-packages/pymysql/connections.py", line 825, in _read_query_result
    result.read()
  File "/home/mantra/mantrastage-bench/env/lib/python3.11/site-packages/pymysql/connections.py", line 1206, in read
    self._read_result_packet(first_packet)
  File "/home/mantra/mantrastage-bench/env/lib/python3.11/site-packages/pymysql/connections.py", line 1283, in _read_result_packet
    self._read_rowdata_packet()
  File "/home/mantra/mantrastage-bench/env/lib/python3.11/site-packages/pymysql/connections.py", line 1330, in _read_rowdata_packet
    packet = self.connection._read_packet()
             ^^^^^^^^^^^^^^^^^^^^^^^^^^^^^^
  File "/home/mantra/mantrastage-bench/env/lib/python3.11/site-packages/pymysql/connections.py", line 775, in _read_packet
    packet.raise_for_error()
  File "/home/mantra/mantrastage-bench/env/lib/python3.11/site-packages/pymysql/protocol.py", line 219, in raise_for_error
    err.raise_mysql_exception(self._data)
  File "/home/mantra/mantrastage-bench/env/lib/python3.11/site-packages/pymysql/err.py", line 150, in raise_mysql_exception
    raise errorclass(errno, errval)
pymysql.err.OperationalError: (1205, 'Lock wait timeout exceeded; try restarting transaction')

The above exception was the direct cause of the following exception:

Traceback (most recent call last):
  File "/home/mantra/mantrastage-bench/apps/mantra_dev/mantra_dev/backend_code/reposting2.py", line 199, in repost
    repost_sl_entries(doc)
  File "/home/mantra/mantrastage-bench/apps/mantra_dev/mantra_dev/backend_code/reposting2.py", line 381, in repost_sl_entries
    repost_future_sle(
  File "/home/mantra/mantrastage-bench/apps/erpnext/erpnext/stock/stock_ledger.py", line 263, in repost_future_sle
    obj = update_entries_after(
          ^^^^^^^^^^^^^^^^^^^^^
  File "/home/mantra/mantrastage-bench/apps/erpnext/erpnext/stock/stock_ledger.py", line 560, in __init__
    self.initialize_previous_data(self.args)
  File "/home/mantra/mantrastage-bench/apps/erpnext/erpnext/stock/stock_ledger.py", line 591, in initialize_previous_data
    previous_sle = get_previous_sle_of_current_voucher(args)
                   ^^^^^^^^^^^^^^^^^^^^^^^^^^^^^^^^^^^^^^^^^
  File "/home/mantra/mantrastage-bench/apps/erpnext/erpnext/stock/stock_ledger.py", line 1535, in get_previous_sle_of_current_voucher
    sle = frappe.db.sql(
          ^^^^^^^^^^^^^^
  File "/home/mantra/mantrastage-bench/apps/frappe/frappe/database/database.py", line 243, in sql
    raise frappe.QueryTimeoutError(e) from e
frappe.exceptions.QueryTimeoutError: (1205, 'Lock wait timeout exceeded; try restarting transaction')

During handling of the above exception, another exception occurred:

Traceback (most recent call last):
  File "/home/mantra/mantrastage-bench/env/lib/python3.11/site-packages/rq/worker.py", line 1428, in perform_job
    rv = job.perform()
         ^^^^^^^^^^^^^
  File "/home/mantra/mantrastage-bench/env/lib/python3.11/site-packages/rq/job.py", line 1278, in perform
    self._result = self._execute()
                   ^^^^^^^^^^^^^^^
  File "/home/mantra/mantrastage-bench/env/lib/python3.11/site-packages/rq/job.py", line 1315, in _execute
    result = self.func(*self.args, **self.kwargs)
             ^^^^^^^^^^^^^^^^^^^^^^^^^^^^^^^^^^^^
  File "/home/mantra/mantrastage-bench/apps/frappe/frappe/utils/background_jobs.py", line 220, in execute_job
    retval = method(**kwargs)
             ^^^^^^^^^^^^^^^^
  File "/home/mantra/mantrastage-bench/apps/frappe/frappe/utils/typing_validations.py", line 31, in wrapper
    return func(*args, **kwargs)
           ^^^^^^^^^^^^^^^^^^^^^
  File "/home/mantra/mantrastage-bench/apps/mantra_dev/mantra_dev/backend_code/reposting2.py", line 229, in repost
    message = "{} <br><br> {}".format(message,str(traceback.format_exc()))
                                                  ^^^^^^^^^^^^^^^^^^^^
AttributeError: 'str' object has no attribute 'format_exc'

2025-01-22 10:06:01,835 home-mantra-mantrastage-bench:long: frappe.utils.background_jobs.execute_job(event=None, is_async=True, job_name='frappe.core.doctype.scheduled_job_type.scheduled_job_type.run_scheduled_jo..., kwargs={'job_type': 'erpnext.utilities.bulk_transaction.retry'}, method='frappe.core.doctype.scheduled_job_type.scheduled_job_type.run_scheduled_jo..., site='mantratecerpstage.com', user='Administrator') (mantratecerpstage.com::scheduled_job::erpnext.utilities.bulk_transaction.retry)
2025-01-22 10:06:01,947 home-mantra-mantrastage-bench:long: Job OK (mantratecerpstage.com::scheduled_job::erpnext.utilities.bulk_transaction.retry)
2025-01-22 10:06:01,947 Result is kept for 600 seconds
2025-01-22 10:06:31,448 home-mantra-mantrastage-bench:short: frappe.utils.background_jobs.execute_job(event=None, is_async=True, job_name='frappe.sendmail', kwargs={'recipients': 'accounts1@mantratec.com', 'sender': None, 'subject': 'Login..., method=<function sendmail at 0x7cfc5b6bdc60>, site='mantratecerpstage.com', user=None) (mantratecerpstage.com::19f00826-e212-4a0f-b39a-12b7c002a72f)
ERROR	PropertyValue: Missing token for production Choice(ColorValue, Dimension, URIValue, Value, variable, MSValue, CSSCalc, function): ('HASH', '#0000001a', 1, 3215)
ERROR	PropertyValue: Unknown syntax or no value: 0 3px 6px #0000001a
ERROR	CSSStyleDeclaration: Syntax Error in Property: box-shadow:0 3px 6px #0000001a
2025-01-22 10:06:33,886 home-mantra-mantrastage-bench:short: Job OK (mantratecerpstage.com::19f00826-e212-4a0f-b39a-12b7c002a72f)
2025-01-22 10:06:33,886 Result is kept for 600 seconds
2025-01-22 10:06:45,683 home-mantra-mantrastage-bench:default: frappe.utils.background_jobs.execute_job(event=None, is_async=True, job_name='frappe.model.delete_doc.delete_dynamic_links', kwargs={'doctype': 'Delivery Note', 'name': 'MAN/OUT/24-25/25518'}, method='frappe.model.delete_doc.delete_dynamic_links', site='mantratecerpstage.com', user='hq.sales@mantratec.com') (mantratecerpstage.com::cf11c1f8-37f2-4d3e-bb1b-7dc36060515f)
2025-01-22 10:06:45,698 home-mantra-mantrastage-bench:default: Job OK (mantratecerpstage.com::cf11c1f8-37f2-4d3e-bb1b-7dc36060515f)
2025-01-22 10:06:45,698 Result is kept for 600 seconds
2025-01-22 10:08:02,038 home-mantra-mantrastage-bench:default: frappe.utils.background_jobs.execute_job(event=None, is_async=True, job_name='frappe.core.doctype.scheduled_job_type.scheduled_job_type.run_scheduled_jo..., kwargs={'job_type': 'frappe.email.queue.flush'}, method='frappe.core.doctype.scheduled_job_type.scheduled_job_type.run_scheduled_jo..., site='mantratecerpstage.com', user='Administrator') (mantratecerpstage.com::scheduled_job::frappe.email.queue.flush)
2025-01-22 10:08:02,039 home-mantra-mantrastage-bench:default: frappe.utils.background_jobs.execute_job(event=None, is_async=True, job_name='frappe.core.doctype.scheduled_job_type.scheduled_job_type.run_scheduled_jo..., kwargs={'job_type': 'frappe.automation.doctype.reminder.reminder.send_reminders'}, method='frappe.core.doctype.scheduled_job_type.scheduled_job_type.run_scheduled_jo..., site='mantratecerpstage.com', user='Administrator') (mantratecerpstage.com::scheduled_job::frappe.automation.doctype.reminder.reminder.send_reminders)
2025-01-22 10:08:02,041 home-mantra-mantrastage-bench:default: frappe.utils.background_jobs.execute_job(event=None, is_async=True, job_name='frappe.core.doctype.scheduled_job_type.scheduled_job_type.run_scheduled_jo..., kwargs={'job_type': 'hrms.hr.doctype.interview.interview.send_interview_reminder'}, method='frappe.core.doctype.scheduled_job_type.scheduled_job_type.run_scheduled_jo..., site='mantratecerpstage.com', user='Administrator') (mantratecerpstage.com::scheduled_job::hrms.hr.doctype.interview.interview.send_interview_reminder)
2025-01-22 10:08:02,043 home-mantra-mantrastage-bench:default: frappe.utils.background_jobs.execute_job(event=None, is_async=True, job_name='frappe.core.doctype.scheduled_job_type.scheduled_job_type.run_scheduled_jo..., kwargs={'job_type': 'frappe.monitor.flush'}, method='frappe.core.doctype.scheduled_job_type.scheduled_job_type.run_scheduled_jo..., site='mantratecerpstage.com', user='Administrator') (mantratecerpstage.com::scheduled_job::frappe.monitor.flush)
2025-01-22 10:08:02,044 home-mantra-mantrastage-bench:default: frappe.utils.background_jobs.execute_job(event=None, is_async=True, job_name='frappe.core.doctype.scheduled_job_type.scheduled_job_type.run_scheduled_jo..., kwargs={'job_type': 'public_file_all'}, method='frappe.core.doctype.scheduled_job_type.scheduled_job_type.run_scheduled_jo..., site='mantratecerpstage.com', user='Administrator') (mantratecerpstage.com::scheduled_job::public_file_all)
2025-01-22 10:08:02,092 home-mantra-mantrastage-bench:default: Job OK (mantratecerpstage.com::scheduled_job::frappe.monitor.flush)
2025-01-22 10:08:02,092 Result is kept for 600 seconds
2025-01-22 10:08:02,093 home-mantra-mantrastage-bench:default: Job OK (mantratecerpstage.com::scheduled_job::hrms.hr.doctype.interview.interview.send_interview_reminder)
2025-01-22 10:08:02,093 Result is kept for 600 seconds
2025-01-22 10:08:02,095 home-mantra-mantrastage-bench:default: Job OK (mantratecerpstage.com::scheduled_job::frappe.automation.doctype.reminder.reminder.send_reminders)
2025-01-22 10:08:02,095 Result is kept for 600 seconds
2025-01-22 10:08:02,238 home-mantra-mantrastage-bench:default: Job OK (mantratecerpstage.com::scheduled_job::frappe.email.queue.flush)
2025-01-22 10:08:02,238 Result is kept for 600 seconds
2025-01-22 10:08:02,337 home-mantra-mantrastage-bench:default: Job OK (mantratecerpstage.com::scheduled_job::public_file_all)
2025-01-22 10:08:02,337 Result is kept for 600 seconds
2025-01-22 10:08:06,369 home-mantra-mantrastage-bench:short: frappe.utils.background_jobs.execute_job(event=None, is_async=True, job_name='frappe.sendmail', kwargs={'recipients': 'accounts2@mantratec.com', 'sender': None, 'subject': 'Login..., method=<function sendmail at 0x7cfc5b6bdc60>, site='mantratecerpstage.com', user=None) (mantratecerpstage.com::a321ee9b-6e55-47ba-b9ea-6af64677c307)
ERROR	PropertyValue: Missing token for production Choice(ColorValue, Dimension, URIValue, Value, variable, MSValue, CSSCalc, function): ('HASH', '#0000001a', 1, 3215)
ERROR	PropertyValue: Unknown syntax or no value: 0 3px 6px #0000001a
ERROR	CSSStyleDeclaration: Syntax Error in Property: box-shadow:0 3px 6px #0000001a
2025-01-22 10:08:14,393 home-mantra-mantrastage-bench:short: Job OK (mantratecerpstage.com::a321ee9b-6e55-47ba-b9ea-6af64677c307)
2025-01-22 10:08:14,393 Result is kept for 600 seconds
2025-01-22 10:10:02,283 home-mantra-mantrastage-bench:default: frappe.utils.background_jobs.execute_job(event=None, is_async=True, job_name='frappe.core.doctype.scheduled_job_type.scheduled_job_type.run_scheduled_jo..., kwargs={'job_type': 'mantra_dev.api_code.banck_transaction.get_icici_bank_file'}, method='frappe.core.doctype.scheduled_job_type.scheduled_job_type.run_scheduled_jo..., site='mantratecerpstage.com', user='Administrator') (mantratecerpstage.com::scheduled_job::mantra_dev.api_code.banck_transaction.get_icici_bank_file)
2025-01-22 10:10:02,285 home-mantra-mantrastage-bench:default: frappe.utils.background_jobs.execute_job(event=None, is_async=True, job_name='frappe.core.doctype.scheduled_job_type.scheduled_job_type.run_scheduled_jo..., kwargs={'job_type': 'india_compliance.gst_india.utils.e_invoice.retry_e_invoice_e_..., method='frappe.core.doctype.scheduled_job_type.scheduled_job_type.run_scheduled_jo..., site='mantratecerpstage.com', user='Administrator') (mantratecerpstage.com::scheduled_job::india_compliance.gst_india.utils.e_invoice.retry_e_invoice_e_waybill_generation)
2025-01-22 10:10:02,288 home-mantra-mantrastage-bench:default: frappe.utils.background_jobs.execute_job(event=None, is_async=True, job_name='frappe.core.doctype.scheduled_job_type.scheduled_job_type.run_scheduled_jo..., kwargs={'job_type': 'india_compliance.gst_india.doctype.purchase_reconciliation_to..., method='frappe.core.doctype.scheduled_job_type.scheduled_job_type.run_scheduled_jo..., site='mantratecerpstage.com', user='Administrator') (mantratecerpstage.com::scheduled_job::india_compliance.gst_india.doctype.purchase_reconciliation_tool.purchase_reconciliation_tool.auto_refresh_authtoken)
2025-01-22 10:10:02,293 home-mantra-mantrastage-bench:default: frappe.utils.background_jobs.execute_job(event=None, is_async=True, job_name='frappe.core.doctype.scheduled_job_type.scheduled_job_type.run_scheduled_jo..., kwargs={'job_type': 'frappe.email.doctype.email_account.email_account.pull'}, method='frappe.core.doctype.scheduled_job_type.scheduled_job_type.run_scheduled_jo..., site='mantratecerpstage.com', user='Administrator') (mantratecerpstage.com::scheduled_job::frappe.email.doctype.email_account.email_account.pull)
2025-01-22 10:10:02,422 home-mantra-mantrastage-bench:default: Job OK (mantratecerpstage.com::scheduled_job::frappe.email.doctype.email_account.email_account.pull)
2025-01-22 10:10:02,422 Result is kept for 600 seconds
2025-01-22 10:10:02,480 home-mantra-mantrastage-bench:long: frappe.utils.background_jobs.execute_job(event=None, is_async=True, job_name='Beny file process', kwargs={'delimiter': '|'}, method=<function get_bene_file at 0x78c558516f20>, site='mantratecerpstage.com', user='Administrator') (mantratecerpstage.com::a4668639-d1d1-4897-b231-9d853c95a9f2)
2025-01-22 10:10:02,480 home-mantra-mantrastage-bench:long: frappe.utils.background_jobs.execute_job(event=None, is_async=True, job_name='ICICI file process', kwargs={'delimiter': '|'}, method=<function get_icici_bank_file_background at 0x78c558528c20>, site='mantratecerpstage.com', user='Administrator') (mantratecerpstage.com::9332816c-d85f-4378-9982-f1ac385a8d76)
2025-01-22 10:10:02,489 home-mantra-mantrastage-bench:default: Job OK (mantratecerpstage.com::scheduled_job::mantra_dev.api_code.banck_transaction.get_icici_bank_file)
2025-01-22 10:10:02,489 Result is kept for 600 seconds
2025-01-22 10:10:02,591 home-mantra-mantrastage-bench:long: Job OK (mantratecerpstage.com::a4668639-d1d1-4897-b231-9d853c95a9f2)
2025-01-22 10:10:02,591 Result is kept for 600 seconds
2025-01-22 10:10:02,594 home-mantra-mantrastage-bench:long: Job OK (mantratecerpstage.com::9332816c-d85f-4378-9982-f1ac385a8d76)
2025-01-22 10:10:02,594 Result is kept for 600 seconds
2025-01-22 10:10:02,671 home-mantra-mantrastage-bench:default: Job OK (mantratecerpstage.com::scheduled_job::india_compliance.gst_india.utils.e_invoice.retry_e_invoice_e_waybill_generation)
2025-01-22 10:10:02,671 Result is kept for 600 seconds
2025-01-22 10:10:02,675 home-mantra-mantrastage-bench:default: Job OK (mantratecerpstage.com::scheduled_job::india_compliance.gst_india.doctype.purchase_reconciliation_tool.purchase_reconciliation_tool.auto_refresh_authtoken)
2025-01-22 10:10:02,675 Result is kept for 600 seconds
2025-01-22 10:12:02,524 home-mantra-mantrastage-bench:default: frappe.utils.background_jobs.execute_job(event=None, is_async=True, job_name='frappe.core.doctype.scheduled_job_type.scheduled_job_type.run_scheduled_jo..., kwargs={'job_type': 'frappe.email.queue.flush'}, method='frappe.core.doctype.scheduled_job_type.scheduled_job_type.run_scheduled_jo..., site='mantratecerpstage.com', user='Administrator') (mantratecerpstage.com::scheduled_job::frappe.email.queue.flush)
2025-01-22 10:12:02,525 home-mantra-mantrastage-bench:default: frappe.utils.background_jobs.execute_job(event=None, is_async=True, job_name='frappe.core.doctype.scheduled_job_type.scheduled_job_type.run_scheduled_jo..., kwargs={'job_type': 'frappe.automation.doctype.reminder.reminder.send_reminders'}, method='frappe.core.doctype.scheduled_job_type.scheduled_job_type.run_scheduled_jo..., site='mantratecerpstage.com', user='Administrator') (mantratecerpstage.com::scheduled_job::frappe.automation.doctype.reminder.reminder.send_reminders)
2025-01-22 10:12:02,527 home-mantra-mantrastage-bench:default: frappe.utils.background_jobs.execute_job(event=None, is_async=True, job_name='frappe.core.doctype.scheduled_job_type.scheduled_job_type.run_scheduled_jo..., kwargs={'job_type': 'hrms.hr.doctype.interview.interview.send_interview_reminder'}, method='frappe.core.doctype.scheduled_job_type.scheduled_job_type.run_scheduled_jo..., site='mantratecerpstage.com', user='Administrator') (mantratecerpstage.com::scheduled_job::hrms.hr.doctype.interview.interview.send_interview_reminder)
2025-01-22 10:12:02,529 home-mantra-mantrastage-bench:default: frappe.utils.background_jobs.execute_job(event=None, is_async=True, job_name='frappe.core.doctype.scheduled_job_type.scheduled_job_type.run_scheduled_jo..., kwargs={'job_type': 'frappe.monitor.flush'}, method='frappe.core.doctype.scheduled_job_type.scheduled_job_type.run_scheduled_jo..., site='mantratecerpstage.com', user='Administrator') (mantratecerpstage.com::scheduled_job::frappe.monitor.flush)
2025-01-22 10:12:02,530 home-mantra-mantrastage-bench:default: frappe.utils.background_jobs.execute_job(event=None, is_async=True, job_name='frappe.core.doctype.scheduled_job_type.scheduled_job_type.run_scheduled_jo..., kwargs={'job_type': 'public_file_all'}, method='frappe.core.doctype.scheduled_job_type.scheduled_job_type.run_scheduled_jo..., site='mantratecerpstage.com', user='Administrator') (mantratecerpstage.com::scheduled_job::public_file_all)
2025-01-22 10:12:02,577 home-mantra-mantrastage-bench:default: Job OK (mantratecerpstage.com::scheduled_job::frappe.monitor.flush)
2025-01-22 10:12:02,577 Result is kept for 600 seconds
2025-01-22 10:12:02,578 home-mantra-mantrastage-bench:default: Job OK (mantratecerpstage.com::scheduled_job::hrms.hr.doctype.interview.interview.send_interview_reminder)
2025-01-22 10:12:02,578 Result is kept for 600 seconds
2025-01-22 10:12:02,590 home-mantra-mantrastage-bench:default: Job OK (mantratecerpstage.com::scheduled_job::frappe.automation.doctype.reminder.reminder.send_reminders)
2025-01-22 10:12:02,590 Result is kept for 600 seconds
2025-01-22 10:12:02,756 home-mantra-mantrastage-bench:default: Job OK (mantratecerpstage.com::scheduled_job::frappe.email.queue.flush)
2025-01-22 10:12:02,756 Result is kept for 600 seconds
2025-01-22 10:12:02,836 home-mantra-mantrastage-bench:default: Job OK (mantratecerpstage.com::scheduled_job::public_file_all)
2025-01-22 10:12:02,836 Result is kept for 600 seconds
2025-01-22 10:12:14,820 home-mantra-mantrastage-bench:short: frappe.utils.background_jobs.execute_job(event=None, is_async=True, job_name='frappe.sendmail', kwargs={'recipients': 'jitendra@mantratec.com', 'sender': None, 'subject': 'Login ..., method=<function sendmail at 0x7cfc5b6bdc60>, site='mantratecerpstage.com', user=None) (mantratecerpstage.com::32ed6336-142f-41fc-9b76-105e647a49d9)
ERROR	PropertyValue: Missing token for production Choice(ColorValue, Dimension, URIValue, Value, variable, MSValue, CSSCalc, function): ('HASH', '#0000001a', 1, 3215)
ERROR	PropertyValue: Unknown syntax or no value: 0 3px 6px #0000001a
ERROR	CSSStyleDeclaration: Syntax Error in Property: box-shadow:0 3px 6px #0000001a
2025-01-22 10:12:15,684 home-mantra-mantrastage-bench:short: frappe.utils.background_jobs.execute_job(event=None, is_async=True, job_name='frappe.sendmail', kwargs={'recipients': 'purchase8@mantratec.com', 'sender': None, 'subject': 'Login..., method=<function sendmail at 0x7cfc5b6bdc60>, site='mantratecerpstage.com', user=None) (mantratecerpstage.com::215b97cf-687f-4ec4-af1d-6e7911b1af53)
ERROR	PropertyValue: Missing token for production Choice(ColorValue, Dimension, URIValue, Value, variable, MSValue, CSSCalc, function): ('HASH', '#0000001a', 1, 3215)
ERROR	PropertyValue: Unknown syntax or no value: 0 3px 6px #0000001a
ERROR	CSSStyleDeclaration: Syntax Error in Property: box-shadow:0 3px 6px #0000001a
2025-01-22 10:12:21,878 home-mantra-mantrastage-bench:short: Job OK (mantratecerpstage.com::32ed6336-142f-41fc-9b76-105e647a49d9)
2025-01-22 10:12:21,878 Result is kept for 600 seconds
2025-01-22 10:12:23,020 home-mantra-mantrastage-bench:short: Job OK (mantratecerpstage.com::215b97cf-687f-4ec4-af1d-6e7911b1af53)
2025-01-22 10:12:23,020 Result is kept for 600 seconds
2025-01-22 10:14:39,643 home-mantra-mantrastage-bench:short: frappe.utils.background_jobs.execute_job(event=None, is_async=True, job_name='frappe.sendmail', kwargs={'recipients': 'admin2@mantratec.com', 'sender': None, 'subject': 'Login Ve..., method=<function sendmail at 0x7cfc5b6bdc60>, site='mantratecerpstage.com', user=None) (mantratecerpstage.com::4dc4d237-c1eb-41f4-81bc-9b4cb20a221b)
ERROR	PropertyValue: Missing token for production Choice(ColorValue, Dimension, URIValue, Value, variable, MSValue, CSSCalc, function): ('HASH', '#0000001a', 1, 3215)
ERROR	PropertyValue: Unknown syntax or no value: 0 3px 6px #0000001a
ERROR	CSSStyleDeclaration: Syntax Error in Property: box-shadow:0 3px 6px #0000001a
2025-01-22 10:14:42,002 home-mantra-mantrastage-bench:short: Job OK (mantratecerpstage.com::4dc4d237-c1eb-41f4-81bc-9b4cb20a221b)
2025-01-22 10:14:42,002 Result is kept for 600 seconds
2025-01-22 10:14:42,007 Cleaning registries for queue: home-mantra-mantrastage-bench:long
2025-01-22 10:15:02,903 home-mantra-mantrastage-bench:default: frappe.utils.background_jobs.execute_job(event=None, is_async=True, job_name='frappe.core.doctype.scheduled_job_type.scheduled_job_type.run_scheduled_jo..., kwargs={'job_type': 'mantra_dev.api_code.banck_transaction.get_icici_bank_file'}, method='frappe.core.doctype.scheduled_job_type.scheduled_job_type.run_scheduled_jo..., site='mantratecerpstage.com', user='Administrator') (mantratecerpstage.com::scheduled_job::mantra_dev.api_code.banck_transaction.get_icici_bank_file)
2025-01-22 10:15:02,906 home-mantra-mantrastage-bench:default: frappe.utils.background_jobs.execute_job(event=None, is_async=True, job_name='frappe.core.doctype.scheduled_job_type.scheduled_job_type.run_scheduled_jo..., kwargs={'job_type': 'india_compliance.gst_india.utils.e_invoice.retry_e_invoice_e_..., method='frappe.core.doctype.scheduled_job_type.scheduled_job_type.run_scheduled_jo..., site='mantratecerpstage.com', user='Administrator') (mantratecerpstage.com::scheduled_job::india_compliance.gst_india.utils.e_invoice.retry_e_invoice_e_waybill_generation)
2025-01-22 10:15:02,910 home-mantra-mantrastage-bench:default: frappe.utils.background_jobs.execute_job(event=None, is_async=True, job_name='frappe.core.doctype.scheduled_job_type.scheduled_job_type.run_scheduled_jo..., kwargs={'job_type': 'frappe.oauth.delete_oauth2_data'}, method='frappe.core.doctype.scheduled_job_type.scheduled_job_type.run_scheduled_jo..., site='mantratecerpstage.com', user='Administrator') (mantratecerpstage.com::scheduled_job::frappe.oauth.delete_oauth2_data)
2025-01-22 10:15:02,912 home-mantra-mantrastage-bench:default: frappe.utils.background_jobs.execute_job(event=None, is_async=True, job_name='frappe.core.doctype.scheduled_job_type.scheduled_job_type.run_scheduled_jo..., kwargs={'job_type': 'frappe.website.doctype.web_page.web_page.check_publish_status..., method='frappe.core.doctype.scheduled_job_type.scheduled_job_type.run_scheduled_jo..., site='mantratecerpstage.com', user='Administrator') (mantratecerpstage.com::scheduled_job::frappe.website.doctype.web_page.web_page.check_publish_status)
2025-01-22 10:15:02,913 home-mantra-mantrastage-bench:default: frappe.utils.background_jobs.execute_job(event=None, is_async=True, job_name='frappe.core.doctype.scheduled_job_type.scheduled_job_type.run_scheduled_jo..., kwargs={'job_type': 'frappe.twofactor.delete_all_barcodes_for_users'}, method='frappe.core.doctype.scheduled_job_type.scheduled_job_type.run_scheduled_jo..., site='mantratecerpstage.com', user='Administrator') (mantratecerpstage.com::scheduled_job::frappe.twofactor.delete_all_barcodes_for_users)
2025-01-22 10:15:02,938 home-mantra-mantrastage-bench:default: frappe.utils.background_jobs.execute_job(event=None, is_async=True, job_name='frappe.core.doctype.scheduled_job_type.scheduled_job_type.run_scheduled_jo..., kwargs={'job_type': 'erpnext.manufacturing.doctype.bom_update_log.bom_update_log.r..., method='frappe.core.doctype.scheduled_job_type.scheduled_job_type.run_scheduled_jo..., site='mantratecerpstage.com', user='Administrator') (mantratecerpstage.com::scheduled_job::erpnext.manufacturing.doctype.bom_update_log.bom_update_log.resume_bom_cost_update_jobs)
2025-01-22 10:15:02,940 home-mantra-mantrastage-bench:default: frappe.utils.background_jobs.execute_job(event=None, is_async=True, job_name='frappe.core.doctype.scheduled_job_type.scheduled_job_type.run_scheduled_jo..., kwargs={'job_type': 'erpnext.accounts.doctype.process_payment_reconciliation.proce..., method='frappe.core.doctype.scheduled_job_type.scheduled_job_type.run_scheduled_jo..., site='mantratecerpstage.com', user='Administrator') (mantratecerpstage.com::scheduled_job::erpnext.accounts.doctype.process_payment_reconciliation.process_payment_reconciliation.trigger_reconciliation_for_queued_docs)
2025-01-22 10:15:03,002 home-mantra-mantrastage-bench:default: frappe.utils.background_jobs.execute_job(event=None, is_async=True, job_name='frappe.core.doctype.scheduled_job_type.scheduled_job_type.run_scheduled_jo..., kwargs={'job_type': 'frappe.deferred_insert.save_to_db'}, method='frappe.core.doctype.scheduled_job_type.scheduled_job_type.run_scheduled_jo..., site='mantratecerpstage.com', user='Administrator') (mantratecerpstage.com::scheduled_job::frappe.deferred_insert.save_to_db)
2025-01-22 10:15:03,004 home-mantra-mantrastage-bench:default: frappe.utils.background_jobs.execute_job(event=None, is_async=True, job_name='frappe.core.doctype.scheduled_job_type.scheduled_job_type.run_scheduled_jo..., kwargs={'job_type': 'frappe.utils.global_search.sync_global_search'}, method='frappe.core.doctype.scheduled_job_type.scheduled_job_type.run_scheduled_jo..., site='mantratecerpstage.com', user='Administrator') (mantratecerpstage.com::scheduled_job::frappe.utils.global_search.sync_global_search)
2025-01-22 10:15:03,006 home-mantra-mantrastage-bench:default: frappe.utils.background_jobs.execute_job(event=None, is_async=True, job_name='frappe.core.doctype.scheduled_job_type.scheduled_job_type.run_scheduled_jo..., kwargs={'job_type': 'frappe.email.doctype.email_account.email_account.notify_unrep..., method='frappe.core.doctype.scheduled_job_type.scheduled_job_type.run_scheduled_jo..., site='mantratecerpstage.com', user='Administrator') (mantratecerpstage.com::scheduled_job::frappe.email.doctype.email_account.email_account.notify_unreplied)
2025-01-22 10:15:03,042 home-mantra-mantrastage-bench:default: Job OK (mantratecerpstage.com::scheduled_job::frappe.website.doctype.web_page.web_page.check_publish_status)
2025-01-22 10:15:03,042 Result is kept for 600 seconds
2025-01-22 10:15:03,049 home-mantra-mantrastage-bench:default: Job OK (mantratecerpstage.com::scheduled_job::frappe.oauth.delete_oauth2_data)
2025-01-22 10:15:03,049 Result is kept for 600 seconds
2025-01-22 10:15:03,063 home-mantra-mantrastage-bench:default: Job OK (mantratecerpstage.com::scheduled_job::erpnext.manufacturing.doctype.bom_update_log.bom_update_log.resume_bom_cost_update_jobs)
2025-01-22 10:15:03,063 Result is kept for 600 seconds
2025-01-22 10:15:03,084 home-mantra-mantrastage-bench:default: Job OK (mantratecerpstage.com::scheduled_job::erpnext.accounts.doctype.process_payment_reconciliation.process_payment_reconciliation.trigger_reconciliation_for_queued_docs)
2025-01-22 10:15:03,084 Result is kept for 600 seconds
2025-01-22 10:15:03,100 home-mantra-mantrastage-bench:long: frappe.utils.background_jobs.execute_job(event=None, is_async=True, job_name='Beny file process', kwargs={'delimiter': '|'}, method=<function get_bene_file at 0x7a016e35efc0>, site='mantratecerpstage.com', user='Administrator') (mantratecerpstage.com::8be0c609-7a3c-4db7-bad9-d83e27b5d226)
2025-01-22 10:15:03,101 home-mantra-mantrastage-bench:long: frappe.utils.background_jobs.execute_job(event=None, is_async=True, job_name='ICICI file process', kwargs={'delimiter': '|'}, method=<function get_icici_bank_file_background at 0x7a016e370cc0>, site='mantratecerpstage.com', user='Administrator') (mantratecerpstage.com::eafe2dda-bfa8-4988-a21a-d0f204c5bae4)
2025-01-22 10:15:03,104 home-mantra-mantrastage-bench:default: Job OK (mantratecerpstage.com::scheduled_job::mantra_dev.api_code.banck_transaction.get_icici_bank_file)
2025-01-22 10:15:03,104 Result is kept for 600 seconds
2025-01-22 10:15:03,124 home-mantra-mantrastage-bench:default: Job OK (mantratecerpstage.com::scheduled_job::frappe.utils.global_search.sync_global_search)
2025-01-22 10:15:03,124 Result is kept for 600 seconds
2025-01-22 10:15:03,178 home-mantra-mantrastage-bench:default: Job OK (mantratecerpstage.com::scheduled_job::frappe.email.doctype.email_account.email_account.notify_unreplied)
2025-01-22 10:15:03,178 Result is kept for 600 seconds
2025-01-22 10:15:03,200 home-mantra-mantrastage-bench:long: Job OK (mantratecerpstage.com::8be0c609-7a3c-4db7-bad9-d83e27b5d226)
2025-01-22 10:15:03,200 Result is kept for 600 seconds
2025-01-22 10:15:03,211 home-mantra-mantrastage-bench:long: Job OK (mantratecerpstage.com::eafe2dda-bfa8-4988-a21a-d0f204c5bae4)
2025-01-22 10:15:03,211 Result is kept for 600 seconds
2025-01-22 10:15:03,291 home-mantra-mantrastage-bench:default: Job OK (mantratecerpstage.com::scheduled_job::india_compliance.gst_india.utils.e_invoice.retry_e_invoice_e_waybill_generation)
2025-01-22 10:15:03,291 Result is kept for 600 seconds
2025-01-22 10:15:03,355 home-mantra-mantrastage-bench:default: Job OK (mantratecerpstage.com::scheduled_job::frappe.deferred_insert.save_to_db)
2025-01-22 10:15:03,355 Result is kept for 600 seconds
2025-01-22 10:15:04,511 home-mantra-mantrastage-bench:default: Job OK (mantratecerpstage.com::scheduled_job::frappe.twofactor.delete_all_barcodes_for_users)
2025-01-22 10:15:04,511 Result is kept for 600 seconds
2025-01-22 10:16:03,056 home-mantra-mantrastage-bench:default: frappe.utils.background_jobs.execute_job(event=None, is_async=True, job_name='frappe.core.doctype.scheduled_job_type.scheduled_job_type.run_scheduled_jo..., kwargs={'job_type': 'frappe.email.queue.flush'}, method='frappe.core.doctype.scheduled_job_type.scheduled_job_type.run_scheduled_jo..., site='mantratecerpstage.com', user='Administrator') (mantratecerpstage.com::scheduled_job::frappe.email.queue.flush)
2025-01-22 10:16:03,058 home-mantra-mantrastage-bench:default: frappe.utils.background_jobs.execute_job(event=None, is_async=True, job_name='frappe.core.doctype.scheduled_job_type.scheduled_job_type.run_scheduled_jo..., kwargs={'job_type': 'frappe.automation.doctype.reminder.reminder.send_reminders'}, method='frappe.core.doctype.scheduled_job_type.scheduled_job_type.run_scheduled_jo..., site='mantratecerpstage.com', user='Administrator') (mantratecerpstage.com::scheduled_job::frappe.automation.doctype.reminder.reminder.send_reminders)
2025-01-22 10:16:03,059 home-mantra-mantrastage-bench:default: frappe.utils.background_jobs.execute_job(event=None, is_async=True, job_name='frappe.core.doctype.scheduled_job_type.scheduled_job_type.run_scheduled_jo..., kwargs={'job_type': 'hrms.hr.doctype.interview.interview.send_interview_reminder'}, method='frappe.core.doctype.scheduled_job_type.scheduled_job_type.run_scheduled_jo..., site='mantratecerpstage.com', user='Administrator') (mantratecerpstage.com::scheduled_job::hrms.hr.doctype.interview.interview.send_interview_reminder)
2025-01-22 10:16:03,061 home-mantra-mantrastage-bench:default: frappe.utils.background_jobs.execute_job(event=None, is_async=True, job_name='frappe.core.doctype.scheduled_job_type.scheduled_job_type.run_scheduled_jo..., kwargs={'job_type': 'frappe.monitor.flush'}, method='frappe.core.doctype.scheduled_job_type.scheduled_job_type.run_scheduled_jo..., site='mantratecerpstage.com', user='Administrator') (mantratecerpstage.com::scheduled_job::frappe.monitor.flush)
2025-01-22 10:16:03,063 home-mantra-mantrastage-bench:default: frappe.utils.background_jobs.execute_job(event=None, is_async=True, job_name='frappe.core.doctype.scheduled_job_type.scheduled_job_type.run_scheduled_jo..., kwargs={'job_type': 'public_file_all'}, method='frappe.core.doctype.scheduled_job_type.scheduled_job_type.run_scheduled_jo..., site='mantratecerpstage.com', user='Administrator') (mantratecerpstage.com::scheduled_job::public_file_all)
2025-01-22 10:16:03,150 home-mantra-mantrastage-bench:default: Job OK (mantratecerpstage.com::scheduled_job::hrms.hr.doctype.interview.interview.send_interview_reminder)
2025-01-22 10:16:03,150 Result is kept for 600 seconds
2025-01-22 10:16:03,151 home-mantra-mantrastage-bench:default: Job OK (mantratecerpstage.com::scheduled_job::frappe.monitor.flush)
2025-01-22 10:16:03,151 Result is kept for 600 seconds
2025-01-22 10:16:03,165 home-mantra-mantrastage-bench:default: Job OK (mantratecerpstage.com::scheduled_job::frappe.automation.doctype.reminder.reminder.send_reminders)
2025-01-22 10:16:03,165 Result is kept for 600 seconds
2025-01-22 10:16:03,290 home-mantra-mantrastage-bench:default: Job OK (mantratecerpstage.com::scheduled_job::frappe.email.queue.flush)
2025-01-22 10:16:03,290 Result is kept for 600 seconds
2025-01-22 10:16:03,391 home-mantra-mantrastage-bench:default: Job OK (mantratecerpstage.com::scheduled_job::public_file_all)
2025-01-22 10:16:03,391 Result is kept for 600 seconds
2025-01-22 10:17:59,417 home-mantra-mantrastage-bench:short: frappe.utils.background_jobs.execute_job(event=None, is_async=True, job_name='frappe.sendmail', kwargs={'recipients': 'lalitha.venkatesh@mantratec.com', 'sender': None, 'subject'..., method=<function sendmail at 0x7cfc5b6bdc60>, site='mantratecerpstage.com', user=None) (mantratecerpstage.com::f4d33c6c-dc6e-4c4d-bb87-b5ee00bfc1d6)
ERROR	PropertyValue: Missing token for production Choice(ColorValue, Dimension, URIValue, Value, variable, MSValue, CSSCalc, function): ('HASH', '#0000001a', 1, 3215)
ERROR	PropertyValue: Unknown syntax or no value: 0 3px 6px #0000001a
ERROR	CSSStyleDeclaration: Syntax Error in Property: box-shadow:0 3px 6px #0000001a
2025-01-22 10:18:06,312 home-mantra-mantrastage-bench:short: Job OK (mantratecerpstage.com::f4d33c6c-dc6e-4c4d-bb87-b5ee00bfc1d6)
2025-01-22 10:18:06,313 Result is kept for 600 seconds
2025-01-22 10:20:03,566 home-mantra-mantrastage-bench:default: frappe.utils.background_jobs.execute_job(event=None, is_async=True, job_name='frappe.core.doctype.scheduled_job_type.scheduled_job_type.run_scheduled_jo..., kwargs={'job_type': 'frappe.email.queue.flush'}, method='frappe.core.doctype.scheduled_job_type.scheduled_job_type.run_scheduled_jo..., site='mantratecerpstage.com', user='Administrator') (mantratecerpstage.com::scheduled_job::frappe.email.queue.flush)
2025-01-22 10:20:03,568 home-mantra-mantrastage-bench:default: frappe.utils.background_jobs.execute_job(event=None, is_async=True, job_name='frappe.core.doctype.scheduled_job_type.scheduled_job_type.run_scheduled_jo..., kwargs={'job_type': 'frappe.automation.doctype.reminder.reminder.send_reminders'}, method='frappe.core.doctype.scheduled_job_type.scheduled_job_type.run_scheduled_jo..., site='mantratecerpstage.com', user='Administrator') (mantratecerpstage.com::scheduled_job::frappe.automation.doctype.reminder.reminder.send_reminders)
2025-01-22 10:20:03,569 home-mantra-mantrastage-bench:default: frappe.utils.background_jobs.execute_job(event=None, is_async=True, job_name='frappe.core.doctype.scheduled_job_type.scheduled_job_type.run_scheduled_jo..., kwargs={'job_type': 'hrms.hr.doctype.interview.interview.send_interview_reminder'}, method='frappe.core.doctype.scheduled_job_type.scheduled_job_type.run_scheduled_jo..., site='mantratecerpstage.com', user='Administrator') (mantratecerpstage.com::scheduled_job::hrms.hr.doctype.interview.interview.send_interview_reminder)
2025-01-22 10:20:03,571 home-mantra-mantrastage-bench:default: frappe.utils.background_jobs.execute_job(event=None, is_async=True, job_name='frappe.core.doctype.scheduled_job_type.scheduled_job_type.run_scheduled_jo..., kwargs={'job_type': 'frappe.monitor.flush'}, method='frappe.core.doctype.scheduled_job_type.scheduled_job_type.run_scheduled_jo..., site='mantratecerpstage.com', user='Administrator') (mantratecerpstage.com::scheduled_job::frappe.monitor.flush)
2025-01-22 10:20:03,572 home-mantra-mantrastage-bench:default: frappe.utils.background_jobs.execute_job(event=None, is_async=True, job_name='frappe.core.doctype.scheduled_job_type.scheduled_job_type.run_scheduled_jo..., kwargs={'job_type': 'public_file_all'}, method='frappe.core.doctype.scheduled_job_type.scheduled_job_type.run_scheduled_jo..., site='mantratecerpstage.com', user='Administrator') (mantratecerpstage.com::scheduled_job::public_file_all)
2025-01-22 10:20:03,575 home-mantra-mantrastage-bench:default: frappe.utils.background_jobs.execute_job(event=None, is_async=True, job_name='frappe.core.doctype.scheduled_job_type.scheduled_job_type.run_scheduled_jo..., kwargs={'job_type': 'mantra_dev.api_code.banck_transaction.get_icici_bank_file'}, method='frappe.core.doctype.scheduled_job_type.scheduled_job_type.run_scheduled_jo..., site='mantratecerpstage.com', user='Administrator') (mantratecerpstage.com::scheduled_job::mantra_dev.api_code.banck_transaction.get_icici_bank_file)
2025-01-22 10:20:03,578 home-mantra-mantrastage-bench:default: frappe.utils.background_jobs.execute_job(event=None, is_async=True, job_name='frappe.core.doctype.scheduled_job_type.scheduled_job_type.run_scheduled_jo..., kwargs={'job_type': 'india_compliance.gst_india.utils.e_invoice.retry_e_invoice_e_..., method='frappe.core.doctype.scheduled_job_type.scheduled_job_type.run_scheduled_jo..., site='mantratecerpstage.com', user='Administrator') (mantratecerpstage.com::scheduled_job::india_compliance.gst_india.utils.e_invoice.retry_e_invoice_e_waybill_generation)
2025-01-22 10:20:03,582 home-mantra-mantrastage-bench:default: frappe.utils.background_jobs.execute_job(event=None, is_async=True, job_name='frappe.core.doctype.scheduled_job_type.scheduled_job_type.run_scheduled_jo..., kwargs={'job_type': 'india_compliance.gst_india.doctype.purchase_reconciliation_to..., method='frappe.core.doctype.scheduled_job_type.scheduled_job_type.run_scheduled_jo..., site='mantratecerpstage.com', user='Administrator') (mantratecerpstage.com::scheduled_job::india_compliance.gst_india.doctype.purchase_reconciliation_tool.purchase_reconciliation_tool.auto_refresh_authtoken)
2025-01-22 10:20:03,587 home-mantra-mantrastage-bench:default: frappe.utils.background_jobs.execute_job(event=None, is_async=True, job_name='frappe.core.doctype.scheduled_job_type.scheduled_job_type.run_scheduled_jo..., kwargs={'job_type': 'frappe.email.doctype.email_account.email_account.pull'}, method='frappe.core.doctype.scheduled_job_type.scheduled_job_type.run_scheduled_jo..., site='mantratecerpstage.com', user='Administrator') (mantratecerpstage.com::scheduled_job::frappe.email.doctype.email_account.email_account.pull)
2025-01-22 10:20:03,614 home-mantra-mantrastage-bench:default: Job OK (mantratecerpstage.com::scheduled_job::hrms.hr.doctype.interview.interview.send_interview_reminder)
2025-01-22 10:20:03,615 Result is kept for 600 seconds
2025-01-22 10:20:03,627 home-mantra-mantrastage-bench:default: Job OK (mantratecerpstage.com::scheduled_job::frappe.automation.doctype.reminder.reminder.send_reminders)
2025-01-22 10:20:03,627 Result is kept for 600 seconds
2025-01-22 10:20:03,629 home-mantra-mantrastage-bench:default: Job OK (mantratecerpstage.com::scheduled_job::frappe.monitor.flush)
2025-01-22 10:20:03,629 Result is kept for 600 seconds
2025-01-22 10:20:03,706 home-mantra-mantrastage-bench:default: Job OK (mantratecerpstage.com::scheduled_job::frappe.email.doctype.email_account.email_account.pull)
2025-01-22 10:20:03,706 Result is kept for 600 seconds
2025-01-22 10:20:03,748 home-mantra-mantrastage-bench:default: Job OK (mantratecerpstage.com::scheduled_job::frappe.email.queue.flush)
2025-01-22 10:20:03,748 Result is kept for 600 seconds
2025-01-22 10:20:03,753 home-mantra-mantrastage-bench:long: frappe.utils.background_jobs.execute_job(event=None, is_async=True, job_name='Beny file process', kwargs={'delimiter': '|'}, method=<function get_bene_file at 0x7a016e336a20>, site='mantratecerpstage.com', user='Administrator') (mantratecerpstage.com::f636e8c9-d35a-4f21-8f3a-466333c805db)
2025-01-22 10:20:03,754 home-mantra-mantrastage-bench:long: frappe.utils.background_jobs.execute_job(event=None, is_async=True, job_name='ICICI file process', kwargs={'delimiter': '|'}, method=<function get_icici_bank_file_background at 0x7a016e344720>, site='mantratecerpstage.com', user='Administrator') (mantratecerpstage.com::e5aa6a7a-c3c2-4ad6-92ec-0be119e71947)
2025-01-22 10:20:03,757 home-mantra-mantrastage-bench:default: Job OK (mantratecerpstage.com::scheduled_job::mantra_dev.api_code.banck_transaction.get_icici_bank_file)
2025-01-22 10:20:03,758 Result is kept for 600 seconds
2025-01-22 10:20:03,866 home-mantra-mantrastage-bench:long: Job OK (mantratecerpstage.com::e5aa6a7a-c3c2-4ad6-92ec-0be119e71947)
2025-01-22 10:20:03,867 Result is kept for 600 seconds
2025-01-22 10:20:03,868 home-mantra-mantrastage-bench:long: Job OK (mantratecerpstage.com::f636e8c9-d35a-4f21-8f3a-466333c805db)
2025-01-22 10:20:03,868 Result is kept for 600 seconds
2025-01-22 10:20:03,963 home-mantra-mantrastage-bench:default: Job OK (mantratecerpstage.com::scheduled_job::india_compliance.gst_india.utils.e_invoice.retry_e_invoice_e_waybill_generation)
2025-01-22 10:20:03,963 Result is kept for 600 seconds
2025-01-22 10:20:03,964 home-mantra-mantrastage-bench:default: Job OK (mantratecerpstage.com::scheduled_job::public_file_all)
2025-01-22 10:20:03,964 Result is kept for 600 seconds
2025-01-22 10:20:03,991 home-mantra-mantrastage-bench:default: Job OK (mantratecerpstage.com::scheduled_job::india_compliance.gst_india.doctype.purchase_reconciliation_tool.purchase_reconciliation_tool.auto_refresh_authtoken)
2025-01-22 10:20:03,991 Result is kept for 600 seconds
2025-01-22 10:23:16,412 home-mantra-mantrastage-bench:short: frappe.utils.background_jobs.execute_job(event=None, is_async=True, job_name='frappe.sendmail', kwargs={'recipients': 'techproject.support@mantratec.com', 'sender': None, 'subjec..., method=<function sendmail at 0x7cfc5b6bdc60>, site='mantratecerpstage.com', user=None) (mantratecerpstage.com::f9da7e8b-8f61-4b47-975c-9cb9a1145871)
ERROR	PropertyValue: Missing token for production Choice(ColorValue, Dimension, URIValue, Value, variable, MSValue, CSSCalc, function): ('HASH', '#0000001a', 1, 3215)
ERROR	PropertyValue: Unknown syntax or no value: 0 3px 6px #0000001a
ERROR	CSSStyleDeclaration: Syntax Error in Property: box-shadow:0 3px 6px #0000001a
2025-01-22 10:23:18,463 home-mantra-mantrastage-bench:short: Job OK (mantratecerpstage.com::f9da7e8b-8f61-4b47-975c-9cb9a1145871)
2025-01-22 10:23:18,463 Result is kept for 600 seconds
2025-01-22 10:24:04,078 home-mantra-mantrastage-bench:default: frappe.utils.background_jobs.execute_job(event=None, is_async=True, job_name='frappe.core.doctype.scheduled_job_type.scheduled_job_type.run_scheduled_jo..., kwargs={'job_type': 'frappe.automation.doctype.reminder.reminder.send_reminders'}, method='frappe.core.doctype.scheduled_job_type.scheduled_job_type.run_scheduled_jo..., site='mantratecerpstage.com', user='Administrator') (mantratecerpstage.com::scheduled_job::frappe.automation.doctype.reminder.reminder.send_reminders)
2025-01-22 10:24:04,080 home-mantra-mantrastage-bench:default: frappe.utils.background_jobs.execute_job(event=None, is_async=True, job_name='frappe.core.doctype.scheduled_job_type.scheduled_job_type.run_scheduled_jo..., kwargs={'job_type': 'hrms.hr.doctype.interview.interview.send_interview_reminder'}, method='frappe.core.doctype.scheduled_job_type.scheduled_job_type.run_scheduled_jo..., site='mantratecerpstage.com', user='Administrator') (mantratecerpstage.com::scheduled_job::hrms.hr.doctype.interview.interview.send_interview_reminder)
2025-01-22 10:24:04,082 home-mantra-mantrastage-bench:default: frappe.utils.background_jobs.execute_job(event=None, is_async=True, job_name='frappe.core.doctype.scheduled_job_type.scheduled_job_type.run_scheduled_jo..., kwargs={'job_type': 'frappe.monitor.flush'}, method='frappe.core.doctype.scheduled_job_type.scheduled_job_type.run_scheduled_jo..., site='mantratecerpstage.com', user='Administrator') (mantratecerpstage.com::scheduled_job::frappe.monitor.flush)
2025-01-22 10:24:04,083 home-mantra-mantrastage-bench:default: frappe.utils.background_jobs.execute_job(event=None, is_async=True, job_name='frappe.core.doctype.scheduled_job_type.scheduled_job_type.run_scheduled_jo..., kwargs={'job_type': 'public_file_all'}, method='frappe.core.doctype.scheduled_job_type.scheduled_job_type.run_scheduled_jo..., site='mantratecerpstage.com', user='Administrator') (mantratecerpstage.com::scheduled_job::public_file_all)
2025-01-22 10:24:04,139 home-mantra-mantrastage-bench:default: Job OK (mantratecerpstage.com::scheduled_job::frappe.monitor.flush)
2025-01-22 10:24:04,139 Result is kept for 600 seconds
2025-01-22 10:24:04,140 home-mantra-mantrastage-bench:default: Job OK (mantratecerpstage.com::scheduled_job::hrms.hr.doctype.interview.interview.send_interview_reminder)
2025-01-22 10:24:04,140 Result is kept for 600 seconds
2025-01-22 10:24:04,148 home-mantra-mantrastage-bench:default: Job OK (mantratecerpstage.com::scheduled_job::frappe.automation.doctype.reminder.reminder.send_reminders)
2025-01-22 10:24:04,148 Result is kept for 600 seconds
2025-01-22 10:24:04,397 home-mantra-mantrastage-bench:default: Job OK (mantratecerpstage.com::scheduled_job::public_file_all)
2025-01-22 10:24:04,397 Result is kept for 600 seconds
2025-01-22 10:24:35,116 home-mantra-mantrastage-bench:short: frappe.utils.background_jobs.execute_job(event=None, is_async=True, job_name='frappe.sendmail', kwargs={'recipients': 'purchase9@mantratec.com', 'sender': None, 'subject': 'Login..., method=<function sendmail at 0x7cfc5b6bdc60>, site='mantratecerpstage.com', user=None) (mantratecerpstage.com::01ac3090-bf0f-491c-88d4-202e5c09f992)
ERROR	PropertyValue: Missing token for production Choice(ColorValue, Dimension, URIValue, Value, variable, MSValue, CSSCalc, function): ('HASH', '#0000001a', 1, 3215)
ERROR	PropertyValue: Unknown syntax or no value: 0 3px 6px #0000001a
ERROR	CSSStyleDeclaration: Syntax Error in Property: box-shadow:0 3px 6px #0000001a
2025-01-22 10:24:40,401 home-mantra-mantrastage-bench:short: Job OK (mantratecerpstage.com::01ac3090-bf0f-491c-88d4-202e5c09f992)
2025-01-22 10:24:40,401 Result is kept for 600 seconds
2025-01-22 10:25:04,273 home-mantra-mantrastage-bench:default: frappe.utils.background_jobs.execute_job(event=None, is_async=True, job_name='frappe.core.doctype.scheduled_job_type.scheduled_job_type.run_scheduled_jo..., kwargs={'job_type': 'mantra_dev.api_code.banck_transaction.get_icici_bank_file'}, method='frappe.core.doctype.scheduled_job_type.scheduled_job_type.run_scheduled_jo..., site='mantratecerpstage.com', user='Administrator') (mantratecerpstage.com::scheduled_job::mantra_dev.api_code.banck_transaction.get_icici_bank_file)
2025-01-22 10:25:04,276 home-mantra-mantrastage-bench:default: frappe.utils.background_jobs.execute_job(event=None, is_async=True, job_name='frappe.core.doctype.scheduled_job_type.scheduled_job_type.run_scheduled_jo..., kwargs={'job_type': 'india_compliance.gst_india.utils.e_invoice.retry_e_invoice_e_..., method='frappe.core.doctype.scheduled_job_type.scheduled_job_type.run_scheduled_jo..., site='mantratecerpstage.com', user='Administrator') (mantratecerpstage.com::scheduled_job::india_compliance.gst_india.utils.e_invoice.retry_e_invoice_e_waybill_generation)
2025-01-22 10:25:04,471 home-mantra-mantrastage-bench:long: frappe.utils.background_jobs.execute_job(event=None, is_async=True, job_name='Beny file process', kwargs={'delimiter': '|'}, method=<function get_bene_file at 0x7a016e3c0540>, site='mantratecerpstage.com', user='Administrator') (mantratecerpstage.com::04b9a685-e2fc-4b09-a9b4-a4e40bfdf824)
2025-01-22 10:25:04,471 home-mantra-mantrastage-bench:long: frappe.utils.background_jobs.execute_job(event=None, is_async=True, job_name='ICICI file process', kwargs={'delimiter': '|'}, method=<function get_icici_bank_file_background at 0x7a016e3c2200>, site='mantratecerpstage.com', user='Administrator') (mantratecerpstage.com::151b13f1-c208-47fd-966c-859f4dae6f34)
2025-01-22 10:25:04,475 home-mantra-mantrastage-bench:default: Job OK (mantratecerpstage.com::scheduled_job::mantra_dev.api_code.banck_transaction.get_icici_bank_file)
2025-01-22 10:25:04,475 Result is kept for 600 seconds
2025-01-22 10:25:04,571 home-mantra-mantrastage-bench:long: Job OK (mantratecerpstage.com::04b9a685-e2fc-4b09-a9b4-a4e40bfdf824)
2025-01-22 10:25:04,571 Result is kept for 600 seconds
2025-01-22 10:25:04,576 home-mantra-mantrastage-bench:long: Job OK (mantratecerpstage.com::151b13f1-c208-47fd-966c-859f4dae6f34)
2025-01-22 10:25:04,576 Result is kept for 600 seconds
2025-01-22 10:25:04,644 home-mantra-mantrastage-bench:default: Job OK (mantratecerpstage.com::scheduled_job::india_compliance.gst_india.utils.e_invoice.retry_e_invoice_e_waybill_generation)
2025-01-22 10:25:04,644 Result is kept for 600 seconds
2025-01-22 10:25:08,520 home-mantra-mantrastage-bench:short: frappe.utils.background_jobs.execute_job(event=None, is_async=True, job_name='frappe.sendmail', kwargs={'recipients': 'paras.dharek@mantratec.com', 'sender': None, 'subject': 'Lo..., method=<function sendmail at 0x7cfc5b6bdc60>, site='mantratecerpstage.com', user=None) (mantratecerpstage.com::1d3b1ab2-ae5f-4d1b-8f13-a67e14b31177)
ERROR	PropertyValue: Missing token for production Choice(ColorValue, Dimension, URIValue, Value, variable, MSValue, CSSCalc, function): ('HASH', '#0000001a', 1, 3215)
ERROR	PropertyValue: Unknown syntax or no value: 0 3px 6px #0000001a
ERROR	CSSStyleDeclaration: Syntax Error in Property: box-shadow:0 3px 6px #0000001a
2025-01-22 10:25:12,067 home-mantra-mantrastage-bench:short: Job OK (mantratecerpstage.com::1d3b1ab2-ae5f-4d1b-8f13-a67e14b31177)
2025-01-22 10:25:12,067 Result is kept for 600 seconds
2025-01-22 10:25:14,845 home-mantra-mantrastage-bench:short: frappe.utils.background_jobs.execute_job(event=None, is_async=True, job_name='frappe.sendmail', kwargs={'recipients': 'stores.audit@mantratec.com', 'sender': None, 'subject': 'Lo..., method=<function sendmail at 0x7cfc5b6bdc60>, site='mantratecerpstage.com', user=None) (mantratecerpstage.com::315f2f8e-2c47-4f24-9e37-56c5e7345f22)
ERROR	PropertyValue: Missing token for production Choice(ColorValue, Dimension, URIValue, Value, variable, MSValue, CSSCalc, function): ('HASH', '#0000001a', 1, 3215)
ERROR	PropertyValue: Unknown syntax or no value: 0 3px 6px #0000001a
ERROR	CSSStyleDeclaration: Syntax Error in Property: box-shadow:0 3px 6px #0000001a
2025-01-22 10:25:16,824 home-mantra-mantrastage-bench:short: Job OK (mantratecerpstage.com::315f2f8e-2c47-4f24-9e37-56c5e7345f22)
2025-01-22 10:25:16,825 Result is kept for 600 seconds
2025-01-22 10:25:39,747 home-mantra-mantrastage-bench:short: frappe.utils.background_jobs.execute_job(event=None, is_async=True, job_name='frappe.sendmail', kwargs={'recipients': 'purchase6@mantratec.com', 'sender': None, 'subject': 'Login..., method=<function sendmail at 0x7cfc5b6bdc60>, site='mantratecerpstage.com', user=None) (mantratecerpstage.com::2afef7bc-da45-4f36-9bd1-ee4888da618d)
ERROR	PropertyValue: Missing token for production Choice(ColorValue, Dimension, URIValue, Value, variable, MSValue, CSSCalc, function): ('HASH', '#0000001a', 1, 3215)
ERROR	PropertyValue: Unknown syntax or no value: 0 3px 6px #0000001a
ERROR	CSSStyleDeclaration: Syntax Error in Property: box-shadow:0 3px 6px #0000001a
2025-01-22 10:25:43,073 home-mantra-mantrastage-bench:short: Job OK (mantratecerpstage.com::2afef7bc-da45-4f36-9bd1-ee4888da618d)
2025-01-22 10:25:43,073 Result is kept for 600 seconds
2025-01-22 10:25:57,226 home-mantra-mantrastage-bench:short: frappe.utils.background_jobs.execute_job(event=None, is_async=True, job_name='frappe.sendmail', kwargs={'recipients': 'admin2@mantratec.com', 'sender': None, 'subject': 'Login Ve..., method=<function sendmail at 0x7cfc5b6bdc60>, site='mantratecerpstage.com', user=None) (mantratecerpstage.com::bb9b488c-623a-47ef-86d4-f51a2713ed70)
ERROR	PropertyValue: Missing token for production Choice(ColorValue, Dimension, URIValue, Value, variable, MSValue, CSSCalc, function): ('HASH', '#0000001a', 1, 3215)
ERROR	PropertyValue: Unknown syntax or no value: 0 3px 6px #0000001a
ERROR	CSSStyleDeclaration: Syntax Error in Property: box-shadow:0 3px 6px #0000001a
2025-01-22 10:25:59,869 home-mantra-mantrastage-bench:short: Job OK (mantratecerpstage.com::bb9b488c-623a-47ef-86d4-f51a2713ed70)
2025-01-22 10:25:59,869 Result is kept for 600 seconds
2025-01-22 10:28:04,649 home-mantra-mantrastage-bench:default: frappe.utils.background_jobs.execute_job(event=None, is_async=True, job_name='frappe.core.doctype.scheduled_job_type.scheduled_job_type.run_scheduled_jo..., kwargs={'job_type': 'frappe.email.queue.flush'}, method='frappe.core.doctype.scheduled_job_type.scheduled_job_type.run_scheduled_jo..., site='mantratecerpstage.com', user='Administrator') (mantratecerpstage.com::scheduled_job::frappe.email.queue.flush)
2025-01-22 10:28:04,650 home-mantra-mantrastage-bench:default: frappe.utils.background_jobs.execute_job(event=None, is_async=True, job_name='frappe.core.doctype.scheduled_job_type.scheduled_job_type.run_scheduled_jo..., kwargs={'job_type': 'frappe.automation.doctype.reminder.reminder.send_reminders'}, method='frappe.core.doctype.scheduled_job_type.scheduled_job_type.run_scheduled_jo..., site='mantratecerpstage.com', user='Administrator') (mantratecerpstage.com::scheduled_job::frappe.automation.doctype.reminder.reminder.send_reminders)
2025-01-22 10:28:04,652 home-mantra-mantrastage-bench:default: frappe.utils.background_jobs.execute_job(event=None, is_async=True, job_name='frappe.core.doctype.scheduled_job_type.scheduled_job_type.run_scheduled_jo..., kwargs={'job_type': 'hrms.hr.doctype.interview.interview.send_interview_reminder'}, method='frappe.core.doctype.scheduled_job_type.scheduled_job_type.run_scheduled_jo..., site='mantratecerpstage.com', user='Administrator') (mantratecerpstage.com::scheduled_job::hrms.hr.doctype.interview.interview.send_interview_reminder)
2025-01-22 10:28:04,653 home-mantra-mantrastage-bench:default: frappe.utils.background_jobs.execute_job(event=None, is_async=True, job_name='frappe.core.doctype.scheduled_job_type.scheduled_job_type.run_scheduled_jo..., kwargs={'job_type': 'frappe.monitor.flush'}, method='frappe.core.doctype.scheduled_job_type.scheduled_job_type.run_scheduled_jo..., site='mantratecerpstage.com', user='Administrator') (mantratecerpstage.com::scheduled_job::frappe.monitor.flush)
2025-01-22 10:28:04,655 home-mantra-mantrastage-bench:default: frappe.utils.background_jobs.execute_job(event=None, is_async=True, job_name='frappe.core.doctype.scheduled_job_type.scheduled_job_type.run_scheduled_jo..., kwargs={'job_type': 'public_file_all'}, method='frappe.core.doctype.scheduled_job_type.scheduled_job_type.run_scheduled_jo..., site='mantratecerpstage.com', user='Administrator') (mantratecerpstage.com::scheduled_job::public_file_all)
2025-01-22 10:28:04,740 home-mantra-mantrastage-bench:default: Job OK (mantratecerpstage.com::scheduled_job::frappe.monitor.flush)
2025-01-22 10:28:04,740 Result is kept for 600 seconds
2025-01-22 10:28:04,741 home-mantra-mantrastage-bench:default: Job OK (mantratecerpstage.com::scheduled_job::hrms.hr.doctype.interview.interview.send_interview_reminder)
2025-01-22 10:28:04,741 Result is kept for 600 seconds
2025-01-22 10:28:04,753 home-mantra-mantrastage-bench:default: Job OK (mantratecerpstage.com::scheduled_job::frappe.automation.doctype.reminder.reminder.send_reminders)
2025-01-22 10:28:04,753 Result is kept for 600 seconds
2025-01-22 10:28:04,876 home-mantra-mantrastage-bench:default: Job OK (mantratecerpstage.com::scheduled_job::frappe.email.queue.flush)
2025-01-22 10:28:04,876 Result is kept for 600 seconds
2025-01-22 10:28:05,009 home-mantra-mantrastage-bench:default: Job OK (mantratecerpstage.com::scheduled_job::public_file_all)
2025-01-22 10:28:05,009 Result is kept for 600 seconds
2025-01-22 10:30:01,816 Cleaning registries for queue: home-mantra-mantrastage-bench:long
2025-01-22 10:30:04,916 home-mantra-mantrastage-bench:default: frappe.utils.background_jobs.execute_job(event=None, is_async=True, job_name='frappe.core.doctype.scheduled_job_type.scheduled_job_type.run_scheduled_jo..., kwargs={'job_type': 'erpnext.utilities.doctype.video.video.update_youtube_data'}, method='frappe.core.doctype.scheduled_job_type.scheduled_job_type.run_scheduled_jo..., site='mantratecerpstage.com', user='Administrator') (mantratecerpstage.com::scheduled_job::erpnext.utilities.doctype.video.video.update_youtube_data)
2025-01-22 10:30:04,918 home-mantra-mantrastage-bench:default: frappe.utils.background_jobs.execute_job(event=None, is_async=True, job_name='frappe.core.doctype.scheduled_job_type.scheduled_job_type.run_scheduled_jo..., kwargs={'job_type': 'mantra_dev.api_code.banck_transaction.get_icici_bank_file'}, method='frappe.core.doctype.scheduled_job_type.scheduled_job_type.run_scheduled_jo..., site='mantratecerpstage.com', user='Administrator') (mantratecerpstage.com::scheduled_job::mantra_dev.api_code.banck_transaction.get_icici_bank_file)
2025-01-22 10:30:04,920 home-mantra-mantrastage-bench:default: frappe.utils.background_jobs.execute_job(event=None, is_async=True, job_name='frappe.core.doctype.scheduled_job_type.scheduled_job_type.run_scheduled_jo..., kwargs={'job_type': 'india_compliance.gst_india.utils.e_invoice.retry_e_invoice_e_..., method='frappe.core.doctype.scheduled_job_type.scheduled_job_type.run_scheduled_jo..., site='mantratecerpstage.com', user='Administrator') (mantratecerpstage.com::scheduled_job::india_compliance.gst_india.utils.e_invoice.retry_e_invoice_e_waybill_generation)
2025-01-22 10:30:04,924 home-mantra-mantrastage-bench:default: frappe.utils.background_jobs.execute_job(event=None, is_async=True, job_name='frappe.core.doctype.scheduled_job_type.scheduled_job_type.run_scheduled_jo..., kwargs={'job_type': 'frappe.oauth.delete_oauth2_data'}, method='frappe.core.doctype.scheduled_job_type.scheduled_job_type.run_scheduled_jo..., site='mantratecerpstage.com', user='Administrator') (mantratecerpstage.com::scheduled_job::frappe.oauth.delete_oauth2_data)
2025-01-22 10:30:04,926 home-mantra-mantrastage-bench:default: frappe.utils.background_jobs.execute_job(event=None, is_async=True, job_name='frappe.core.doctype.scheduled_job_type.scheduled_job_type.run_scheduled_jo..., kwargs={'job_type': 'frappe.website.doctype.web_page.web_page.check_publish_status..., method='frappe.core.doctype.scheduled_job_type.scheduled_job_type.run_scheduled_jo..., site='mantratecerpstage.com', user='Administrator') (mantratecerpstage.com::scheduled_job::frappe.website.doctype.web_page.web_page.check_publish_status)
2025-01-22 10:30:04,928 home-mantra-mantrastage-bench:default: frappe.utils.background_jobs.execute_job(event=None, is_async=True, job_name='frappe.core.doctype.scheduled_job_type.scheduled_job_type.run_scheduled_jo..., kwargs={'job_type': 'frappe.twofactor.delete_all_barcodes_for_users'}, method='frappe.core.doctype.scheduled_job_type.scheduled_job_type.run_scheduled_jo..., site='mantratecerpstage.com', user='Administrator') (mantratecerpstage.com::scheduled_job::frappe.twofactor.delete_all_barcodes_for_users)
2025-01-22 10:30:04,930 home-mantra-mantrastage-bench:default: frappe.utils.background_jobs.execute_job(event=None, is_async=True, job_name='frappe.core.doctype.scheduled_job_type.scheduled_job_type.run_scheduled_jo..., kwargs={'job_type': 'frappe.email.doctype.email_account.email_account.pull'}, method='frappe.core.doctype.scheduled_job_type.scheduled_job_type.run_scheduled_jo..., site='mantratecerpstage.com', user='Administrator') (mantratecerpstage.com::scheduled_job::frappe.email.doctype.email_account.email_account.pull)
2025-01-22 10:30:04,932 home-mantra-mantrastage-bench:default: frappe.utils.background_jobs.execute_job(event=None, is_async=True, job_name='frappe.core.doctype.scheduled_job_type.scheduled_job_type.run_scheduled_jo..., kwargs={'job_type': 'frappe.core.doctype.prepared_report.prepared_report.expire_st..., method='frappe.core.doctype.scheduled_job_type.scheduled_job_type.run_scheduled_jo..., site='mantratecerpstage.com', user='Administrator') (mantratecerpstage.com::scheduled_job::frappe.core.doctype.prepared_report.prepared_report.expire_stalled_report)
2025-01-22 10:30:04,954 home-mantra-mantrastage-bench:default: frappe.utils.background_jobs.execute_job(event=None, is_async=True, job_name='frappe.core.doctype.scheduled_job_type.scheduled_job_type.run_scheduled_jo..., kwargs={'job_type': 'erpnext.manufacturing.doctype.bom_update_log.bom_update_log.r..., method='frappe.core.doctype.scheduled_job_type.scheduled_job_type.run_scheduled_jo..., site='mantratecerpstage.com', user='Administrator') (mantratecerpstage.com::scheduled_job::erpnext.manufacturing.doctype.bom_update_log.bom_update_log.resume_bom_cost_update_jobs)
2025-01-22 10:30:04,956 home-mantra-mantrastage-bench:default: frappe.utils.background_jobs.execute_job(event=None, is_async=True, job_name='frappe.core.doctype.scheduled_job_type.scheduled_job_type.run_scheduled_jo..., kwargs={'job_type': 'erpnext.accounts.doctype.process_payment_reconciliation.proce..., method='frappe.core.doctype.scheduled_job_type.scheduled_job_type.run_scheduled_jo..., site='mantratecerpstage.com', user='Administrator') (mantratecerpstage.com::scheduled_job::erpnext.accounts.doctype.process_payment_reconciliation.process_payment_reconciliation.trigger_reconciliation_for_queued_docs)
2025-01-22 10:30:04,958 home-mantra-mantrastage-bench:default: frappe.utils.background_jobs.execute_job(event=None, is_async=True, job_name='frappe.core.doctype.scheduled_job_type.scheduled_job_type.run_scheduled_jo..., kwargs={'job_type': 'erpnext.accounts.doctype.gl_entry.gl_entry.rename_gle_sle_doc..., method='frappe.core.doctype.scheduled_job_type.scheduled_job_type.run_scheduled_jo..., site='mantratecerpstage.com', user='Administrator') (mantratecerpstage.com::scheduled_job::erpnext.accounts.doctype.gl_entry.gl_entry.rename_gle_sle_docs)
2025-01-22 10:30:05,010 home-mantra-mantrastage-bench:default: frappe.utils.background_jobs.execute_job(event=None, is_async=True, job_name='frappe.core.doctype.scheduled_job_type.scheduled_job_type.run_scheduled_jo..., kwargs={'job_type': 'frappe.deferred_insert.save_to_db'}, method='frappe.core.doctype.scheduled_job_type.scheduled_job_type.run_scheduled_jo..., site='mantratecerpstage.com', user='Administrator') (mantratecerpstage.com::scheduled_job::frappe.deferred_insert.save_to_db)
2025-01-22 10:30:05,012 home-mantra-mantrastage-bench:default: frappe.utils.background_jobs.execute_job(event=None, is_async=True, job_name='frappe.core.doctype.scheduled_job_type.scheduled_job_type.run_scheduled_jo..., kwargs={'job_type': 'frappe.utils.global_search.sync_global_search'}, method='frappe.core.doctype.scheduled_job_type.scheduled_job_type.run_scheduled_jo..., site='mantratecerpstage.com', user='Administrator') (mantratecerpstage.com::scheduled_job::frappe.utils.global_search.sync_global_search)
2025-01-22 10:30:05,013 home-mantra-mantrastage-bench:default: frappe.utils.background_jobs.execute_job(event=None, is_async=True, job_name='frappe.core.doctype.scheduled_job_type.scheduled_job_type.run_scheduled_jo..., kwargs={'job_type': 'frappe.email.doctype.email_account.email_account.notify_unrep..., method='frappe.core.doctype.scheduled_job_type.scheduled_job_type.run_scheduled_jo..., site='mantratecerpstage.com', user='Administrator') (mantratecerpstage.com::scheduled_job::frappe.email.doctype.email_account.email_account.notify_unreplied)
2025-01-22 10:30:05,169 home-mantra-mantrastage-bench:default: Job OK (mantratecerpstage.com::scheduled_job::frappe.website.doctype.web_page.web_page.check_publish_status)
2025-01-22 10:30:05,169 Result is kept for 600 seconds
2025-01-22 10:30:05,174 home-mantra-mantrastage-bench:default: Job OK (mantratecerpstage.com::scheduled_job::frappe.core.doctype.prepared_report.prepared_report.expire_stalled_report)
2025-01-22 10:30:05,174 Result is kept for 600 seconds
2025-01-22 10:30:05,177 home-mantra-mantrastage-bench:default: Job OK (mantratecerpstage.com::scheduled_job::frappe.oauth.delete_oauth2_data)
2025-01-22 10:30:05,178 Result is kept for 600 seconds
2025-01-22 10:30:05,193 home-mantra-mantrastage-bench:default: Job OK (mantratecerpstage.com::scheduled_job::erpnext.manufacturing.doctype.bom_update_log.bom_update_log.resume_bom_cost_update_jobs)
2025-01-22 10:30:05,193 Result is kept for 600 seconds
2025-01-22 10:30:05,194 home-mantra-mantrastage-bench:default: Job OK (mantratecerpstage.com::scheduled_job::frappe.email.doctype.email_account.email_account.pull)
2025-01-22 10:30:05,194 Result is kept for 600 seconds
2025-01-22 10:30:05,197 home-mantra-mantrastage-bench:default: Job OK (mantratecerpstage.com::scheduled_job::erpnext.accounts.doctype.process_payment_reconciliation.process_payment_reconciliation.trigger_reconciliation_for_queued_docs)
2025-01-22 10:30:05,197 Result is kept for 600 seconds
2025-01-22 10:30:05,198 home-mantra-mantrastage-bench:default: Job OK (mantratecerpstage.com::scheduled_job::frappe.utils.global_search.sync_global_search)
2025-01-22 10:30:05,198 Result is kept for 600 seconds
2025-01-22 10:30:05,225 home-mantra-mantrastage-bench:default: Job OK (mantratecerpstage.com::scheduled_job::frappe.email.doctype.email_account.email_account.notify_unreplied)
2025-01-22 10:30:05,225 Result is kept for 600 seconds
2025-01-22 10:30:05,232 home-mantra-mantrastage-bench:default: Job OK (mantratecerpstage.com::scheduled_job::erpnext.utilities.doctype.video.video.update_youtube_data)
2025-01-22 10:30:05,232 Result is kept for 600 seconds
2025-01-22 10:30:05,250 home-mantra-mantrastage-bench:long: frappe.utils.background_jobs.execute_job(event=None, is_async=True, job_name='Beny file process', kwargs={'delimiter': '|'}, method=<function get_bene_file at 0x78f9b2dc0540>, site='mantratecerpstage.com', user='Administrator') (mantratecerpstage.com::4105a023-ee51-4f9a-a967-2f2bbba09106)
2025-01-22 10:30:05,251 home-mantra-mantrastage-bench:long: frappe.utils.background_jobs.execute_job(event=None, is_async=True, job_name='ICICI file process', kwargs={'delimiter': '|'}, method=<function get_icici_bank_file_background at 0x78f9b2dc2200>, site='mantratecerpstage.com', user='Administrator') (mantratecerpstage.com::c3a9e7a8-40c7-4281-9bb2-ed85cce6fe15)
2025-01-22 10:30:05,255 home-mantra-mantrastage-bench:default: Job OK (mantratecerpstage.com::scheduled_job::mantra_dev.api_code.banck_transaction.get_icici_bank_file)
2025-01-22 10:30:05,255 Result is kept for 600 seconds
2025-01-22 10:30:05,357 home-mantra-mantrastage-bench:long: Job OK (mantratecerpstage.com::4105a023-ee51-4f9a-a967-2f2bbba09106)
2025-01-22 10:30:05,357 Result is kept for 600 seconds
2025-01-22 10:30:05,366 home-mantra-mantrastage-bench:long: Job OK (mantratecerpstage.com::c3a9e7a8-40c7-4281-9bb2-ed85cce6fe15)
2025-01-22 10:30:05,367 Result is kept for 600 seconds
2025-01-22 10:30:05,440 home-mantra-mantrastage-bench:default: Job OK (mantratecerpstage.com::scheduled_job::india_compliance.gst_india.utils.e_invoice.retry_e_invoice_e_waybill_generation)
2025-01-22 10:30:05,440 Result is kept for 600 seconds
2025-01-22 10:30:05,447 home-mantra-mantrastage-bench:default: Job OK (mantratecerpstage.com::scheduled_job::erpnext.accounts.doctype.gl_entry.gl_entry.rename_gle_sle_docs)
2025-01-22 10:30:05,447 Result is kept for 600 seconds
2025-01-22 10:30:05,496 home-mantra-mantrastage-bench:default: Job OK (mantratecerpstage.com::scheduled_job::frappe.deferred_insert.save_to_db)
2025-01-22 10:30:05,496 Result is kept for 600 seconds
2025-01-22 10:30:06,609 home-mantra-mantrastage-bench:default: Job OK (mantratecerpstage.com::scheduled_job::frappe.twofactor.delete_all_barcodes_for_users)
2025-01-22 10:30:06,609 Result is kept for 600 seconds
2025-01-22 10:31:07,243 home-mantra-mantrastage-bench:short: frappe.utils.background_jobs.execute_job(event=None, is_async=True, job_name='frappe.sendmail', kwargs={'recipients': 'anurag@mantratec.com', 'sender': None, 'subject': 'Login Ve..., method=<function sendmail at 0x7cfc5b6bdc60>, site='mantratecerpstage.com', user=None) (mantratecerpstage.com::57c69d35-f2dc-4b80-bd82-503edf50388d)
ERROR	PropertyValue: Missing token for production Choice(ColorValue, Dimension, URIValue, Value, variable, MSValue, CSSCalc, function): ('HASH', '#0000001a', 1, 3215)
ERROR	PropertyValue: Unknown syntax or no value: 0 3px 6px #0000001a
ERROR	CSSStyleDeclaration: Syntax Error in Property: box-shadow:0 3px 6px #0000001a
2025-01-22 10:31:14,657 home-mantra-mantrastage-bench:short: Job OK (mantratecerpstage.com::57c69d35-f2dc-4b80-bd82-503edf50388d)
2025-01-22 10:31:14,658 Result is kept for 600 seconds
2025-01-22 10:31:43,304 home-mantra-mantrastage-bench:short: frappe.utils.background_jobs.execute_job(event=None, is_async=True, job_name='frappe.sendmail', kwargs={'recipients': 'mis.projects@mantratec.com', 'sender': None, 'subject': 'Lo..., method=<function sendmail at 0x7cfc5b6bdc60>, site='mantratecerpstage.com', user=None) (mantratecerpstage.com::97843a65-7527-44f5-b428-e3cf458c787f)
ERROR	PropertyValue: Missing token for production Choice(ColorValue, Dimension, URIValue, Value, variable, MSValue, CSSCalc, function): ('HASH', '#0000001a', 1, 3215)
ERROR	PropertyValue: Unknown syntax or no value: 0 3px 6px #0000001a
ERROR	CSSStyleDeclaration: Syntax Error in Property: box-shadow:0 3px 6px #0000001a
2025-01-22 10:31:46,980 home-mantra-mantrastage-bench:short: Job OK (mantratecerpstage.com::97843a65-7527-44f5-b428-e3cf458c787f)
2025-01-22 10:31:46,980 Result is kept for 600 seconds
2025-01-22 10:31:53,494 home-mantra-mantrastage-bench:long: frappe.utils.background_jobs.execute_job(event=None, is_async=True, job_name='frappe.core.doctype.prepared_report.prepared_report.generate_report', kwargs={'prepared_report': '9lce544s20'}, method=<function generate_report at 0x7cfc58239120>, site='mantratecerpstage.com', user='dispatch.1@mantratec.com') (mantratecerpstage.com::e86523e3-a8fe-4204-97f4-46d29ae42303)
2025-01-22 10:31:53,811 home-mantra-mantrastage-bench:long: Job OK (mantratecerpstage.com::e86523e3-a8fe-4204-97f4-46d29ae42303)
2025-01-22 10:31:53,812 Result is kept for 600 seconds
2025-01-22 10:32:05,165 home-mantra-mantrastage-bench:default: frappe.utils.background_jobs.execute_job(event=None, is_async=True, job_name='frappe.core.doctype.scheduled_job_type.scheduled_job_type.run_scheduled_jo..., kwargs={'job_type': 'frappe.email.queue.flush'}, method='frappe.core.doctype.scheduled_job_type.scheduled_job_type.run_scheduled_jo..., site='mantratecerpstage.com', user='Administrator') (mantratecerpstage.com::scheduled_job::frappe.email.queue.flush)
2025-01-22 10:32:05,167 home-mantra-mantrastage-bench:default: frappe.utils.background_jobs.execute_job(event=None, is_async=True, job_name='frappe.core.doctype.scheduled_job_type.scheduled_job_type.run_scheduled_jo..., kwargs={'job_type': 'frappe.automation.doctype.reminder.reminder.send_reminders'}, method='frappe.core.doctype.scheduled_job_type.scheduled_job_type.run_scheduled_jo..., site='mantratecerpstage.com', user='Administrator') (mantratecerpstage.com::scheduled_job::frappe.automation.doctype.reminder.reminder.send_reminders)
2025-01-22 10:32:05,168 home-mantra-mantrastage-bench:default: frappe.utils.background_jobs.execute_job(event=None, is_async=True, job_name='frappe.core.doctype.scheduled_job_type.scheduled_job_type.run_scheduled_jo..., kwargs={'job_type': 'hrms.hr.doctype.interview.interview.send_interview_reminder'}, method='frappe.core.doctype.scheduled_job_type.scheduled_job_type.run_scheduled_jo..., site='mantratecerpstage.com', user='Administrator') (mantratecerpstage.com::scheduled_job::hrms.hr.doctype.interview.interview.send_interview_reminder)
2025-01-22 10:32:05,170 home-mantra-mantrastage-bench:default: frappe.utils.background_jobs.execute_job(event=None, is_async=True, job_name='frappe.core.doctype.scheduled_job_type.scheduled_job_type.run_scheduled_jo..., kwargs={'job_type': 'frappe.monitor.flush'}, method='frappe.core.doctype.scheduled_job_type.scheduled_job_type.run_scheduled_jo..., site='mantratecerpstage.com', user='Administrator') (mantratecerpstage.com::scheduled_job::frappe.monitor.flush)
2025-01-22 10:32:05,172 home-mantra-mantrastage-bench:default: frappe.utils.background_jobs.execute_job(event=None, is_async=True, job_name='frappe.core.doctype.scheduled_job_type.scheduled_job_type.run_scheduled_jo..., kwargs={'job_type': 'public_file_all'}, method='frappe.core.doctype.scheduled_job_type.scheduled_job_type.run_scheduled_jo..., site='mantratecerpstage.com', user='Administrator') (mantratecerpstage.com::scheduled_job::public_file_all)
2025-01-22 10:32:05,225 home-mantra-mantrastage-bench:default: Job OK (mantratecerpstage.com::scheduled_job::frappe.monitor.flush)
2025-01-22 10:32:05,225 Result is kept for 600 seconds
2025-01-22 10:32:05,226 home-mantra-mantrastage-bench:default: Job OK (mantratecerpstage.com::scheduled_job::hrms.hr.doctype.interview.interview.send_interview_reminder)
2025-01-22 10:32:05,226 Result is kept for 600 seconds
2025-01-22 10:32:05,234 home-mantra-mantrastage-bench:default: Job OK (mantratecerpstage.com::scheduled_job::frappe.automation.doctype.reminder.reminder.send_reminders)
2025-01-22 10:32:05,234 Result is kept for 600 seconds
2025-01-22 10:32:05,358 home-mantra-mantrastage-bench:default: Job OK (mantratecerpstage.com::scheduled_job::frappe.email.queue.flush)
2025-01-22 10:32:05,358 Result is kept for 600 seconds
2025-01-22 10:32:05,506 home-mantra-mantrastage-bench:default: Job OK (mantratecerpstage.com::scheduled_job::public_file_all)
2025-01-22 10:32:05,507 Result is kept for 600 seconds
2025-01-22 10:32:13,630 home-mantra-mantrastage-bench:short: frappe.utils.background_jobs.execute_job(event=None, is_async=True, job_name='frappe.sendmail', kwargs={'recipients': 'accounts5@mantratec.com', 'sender': None, 'subject': 'Login..., method=<function sendmail at 0x7cfc5b6bdc60>, site='mantratecerpstage.com', user=None) (mantratecerpstage.com::f6543a61-d213-4a24-99d4-4103b40c63a8)
ERROR	PropertyValue: Missing token for production Choice(ColorValue, Dimension, URIValue, Value, variable, MSValue, CSSCalc, function): ('HASH', '#0000001a', 1, 3215)
ERROR	PropertyValue: Unknown syntax or no value: 0 3px 6px #0000001a
ERROR	CSSStyleDeclaration: Syntax Error in Property: box-shadow:0 3px 6px #0000001a
2025-01-22 10:32:17,765 home-mantra-mantrastage-bench:short: Job OK (mantratecerpstage.com::f6543a61-d213-4a24-99d4-4103b40c63a8)
2025-01-22 10:32:17,766 Result is kept for 600 seconds
2025-01-22 10:33:14,037 home-mantra-mantrastage-bench:short: frappe.utils.background_jobs.execute_job(event=None, is_async=True, job_name='frappe.sendmail', kwargs={'recipients': 'purchase3@mantratec.com', 'sender': None, 'subject': 'Login..., method=<function sendmail at 0x7cfc5b6bdc60>, site='mantratecerpstage.com', user=None) (mantratecerpstage.com::950f6b4e-46ec-4986-ba47-b1e41feefc6e)
ERROR	PropertyValue: Missing token for production Choice(ColorValue, Dimension, URIValue, Value, variable, MSValue, CSSCalc, function): ('HASH', '#0000001a', 1, 3215)
ERROR	PropertyValue: Unknown syntax or no value: 0 3px 6px #0000001a
ERROR	CSSStyleDeclaration: Syntax Error in Property: box-shadow:0 3px 6px #0000001a
2025-01-22 10:33:21,080 home-mantra-mantrastage-bench:short: Job OK (mantratecerpstage.com::950f6b4e-46ec-4986-ba47-b1e41feefc6e)
2025-01-22 10:33:21,080 Result is kept for 600 seconds
2025-01-22 10:34:02,818 home-mantra-mantrastage-bench:short: frappe.utils.background_jobs.execute_job(event=None, is_async=True, job_name='frappe.sendmail', kwargs={'recipients': 'avaneet.dwivedi@mantratec.com', 'sender': None, 'subject': ..., method=<function sendmail at 0x7cfc5b6bdc60>, site='mantratecerpstage.com', user=None) (mantratecerpstage.com::bbac058a-f2c2-4f9b-9dbb-0fc9a84daca7)
ERROR	PropertyValue: Missing token for production Choice(ColorValue, Dimension, URIValue, Value, variable, MSValue, CSSCalc, function): ('HASH', '#0000001a', 1, 3215)
ERROR	PropertyValue: Unknown syntax or no value: 0 3px 6px #0000001a
ERROR	CSSStyleDeclaration: Syntax Error in Property: box-shadow:0 3px 6px #0000001a
2025-01-22 10:34:04,685 home-mantra-mantrastage-bench:short: Job OK (mantratecerpstage.com::bbac058a-f2c2-4f9b-9dbb-0fc9a84daca7)
2025-01-22 10:34:04,685 Result is kept for 600 seconds
2025-01-22 10:34:04,698 Cleaning registries for queue: home-mantra-mantrastage-bench:short
2025-01-22 10:34:04,698 Cleaning registries for queue: home-mantra-mantrastage-bench:default
2025-01-22 10:34:14,702 home-mantra-mantrastage-bench:long: frappe.utils.background_jobs.execute_job(event=None, is_async=True, job_name='frappe.core.doctype.prepared_report.prepared_report.generate_report', kwargs={'prepared_report': '9moild6l38'}, method=<function generate_report at 0x7cfc58239120>, site='mantratecerpstage.com', user='dispatch.3@mantratec.com') (mantratecerpstage.com::6b7c5976-b856-45cd-862a-64b4883e4e5c)
2025-01-22 10:34:14,907 home-mantra-mantrastage-bench:long: Job OK (mantratecerpstage.com::6b7c5976-b856-45cd-862a-64b4883e4e5c)
2025-01-22 10:34:14,907 Result is kept for 600 seconds
2025-01-22 10:35:02,444 home-mantra-mantrastage-bench:short: frappe.utils.background_jobs.execute_job(event=None, is_async=True, job_name='frappe.sendmail', kwargs={'recipients': 'lalitha.venkatesh@mantratec.com', 'sender': None, 'subject'..., method=<function sendmail at 0x7cfc5b6bdc60>, site='mantratecerpstage.com', user=None) (mantratecerpstage.com::ed2316f0-cefe-4e6b-8e7e-7b113678b1d5)
ERROR	PropertyValue: Missing token for production Choice(ColorValue, Dimension, URIValue, Value, variable, MSValue, CSSCalc, function): ('HASH', '#0000001a', 1, 3215)
ERROR	PropertyValue: Unknown syntax or no value: 0 3px 6px #0000001a
ERROR	CSSStyleDeclaration: Syntax Error in Property: box-shadow:0 3px 6px #0000001a
2025-01-22 10:35:05,603 home-mantra-mantrastage-bench:default: frappe.utils.background_jobs.execute_job(event=None, is_async=True, job_name='frappe.core.doctype.scheduled_job_type.scheduled_job_type.run_scheduled_jo..., kwargs={'job_type': 'mantra_dev.api_code.banck_transaction.get_icici_bank_file'}, method='frappe.core.doctype.scheduled_job_type.scheduled_job_type.run_scheduled_jo..., site='mantratecerpstage.com', user='Administrator') (mantratecerpstage.com::scheduled_job::mantra_dev.api_code.banck_transaction.get_icici_bank_file)
2025-01-22 10:35:05,605 home-mantra-mantrastage-bench:default: frappe.utils.background_jobs.execute_job(event=None, is_async=True, job_name='frappe.core.doctype.scheduled_job_type.scheduled_job_type.run_scheduled_jo..., kwargs={'job_type': 'india_compliance.gst_india.utils.e_invoice.retry_e_invoice_e_..., method='frappe.core.doctype.scheduled_job_type.scheduled_job_type.run_scheduled_jo..., site='mantratecerpstage.com', user='Administrator') (mantratecerpstage.com::scheduled_job::india_compliance.gst_india.utils.e_invoice.retry_e_invoice_e_waybill_generation)
2025-01-22 10:35:05,782 home-mantra-mantrastage-bench:long: frappe.utils.background_jobs.execute_job(event=None, is_async=True, job_name='Beny file process', kwargs={'delimiter': '|'}, method=<function get_bene_file at 0x7b8907612c00>, site='mantratecerpstage.com', user='Administrator') (mantratecerpstage.com::c5b28836-cc0d-4d8b-aabc-00911bc899c8)
2025-01-22 10:35:05,783 home-mantra-mantrastage-bench:long: frappe.utils.background_jobs.execute_job(event=None, is_async=True, job_name='ICICI file process', kwargs={'delimiter': '|'}, method=<function get_icici_bank_file_background at 0x7b8907618900>, site='mantratecerpstage.com', user='Administrator') (mantratecerpstage.com::db0f1e94-4bb4-4589-b0a7-90a031607c0b)
2025-01-22 10:35:05,786 home-mantra-mantrastage-bench:default: Job OK (mantratecerpstage.com::scheduled_job::mantra_dev.api_code.banck_transaction.get_icici_bank_file)
2025-01-22 10:35:05,786 Result is kept for 600 seconds
2025-01-22 10:35:05,881 home-mantra-mantrastage-bench:long: Job OK (mantratecerpstage.com::c5b28836-cc0d-4d8b-aabc-00911bc899c8)
2025-01-22 10:35:05,882 Result is kept for 600 seconds
2025-01-22 10:35:05,886 home-mantra-mantrastage-bench:long: Job OK (mantratecerpstage.com::db0f1e94-4bb4-4589-b0a7-90a031607c0b)
2025-01-22 10:35:05,886 Result is kept for 600 seconds
2025-01-22 10:35:05,938 home-mantra-mantrastage-bench:default: Job OK (mantratecerpstage.com::scheduled_job::india_compliance.gst_india.utils.e_invoice.retry_e_invoice_e_waybill_generation)
2025-01-22 10:35:05,939 Result is kept for 600 seconds
2025-01-22 10:35:06,314 home-mantra-mantrastage-bench:short: Job OK (mantratecerpstage.com::ed2316f0-cefe-4e6b-8e7e-7b113678b1d5)
2025-01-22 10:35:06,314 Result is kept for 600 seconds
2025-01-22 10:36:05,727 home-mantra-mantrastage-bench:default: frappe.utils.background_jobs.execute_job(event=None, is_async=True, job_name='frappe.core.doctype.scheduled_job_type.scheduled_job_type.run_scheduled_jo..., kwargs={'job_type': 'frappe.email.queue.flush'}, method='frappe.core.doctype.scheduled_job_type.scheduled_job_type.run_scheduled_jo..., site='mantratecerpstage.com', user='Administrator') (mantratecerpstage.com::scheduled_job::frappe.email.queue.flush)
2025-01-22 10:36:05,728 home-mantra-mantrastage-bench:default: frappe.utils.background_jobs.execute_job(event=None, is_async=True, job_name='frappe.core.doctype.scheduled_job_type.scheduled_job_type.run_scheduled_jo..., kwargs={'job_type': 'frappe.automation.doctype.reminder.reminder.send_reminders'}, method='frappe.core.doctype.scheduled_job_type.scheduled_job_type.run_scheduled_jo..., site='mantratecerpstage.com', user='Administrator') (mantratecerpstage.com::scheduled_job::frappe.automation.doctype.reminder.reminder.send_reminders)
2025-01-22 10:36:05,730 home-mantra-mantrastage-bench:default: frappe.utils.background_jobs.execute_job(event=None, is_async=True, job_name='frappe.core.doctype.scheduled_job_type.scheduled_job_type.run_scheduled_jo..., kwargs={'job_type': 'hrms.hr.doctype.interview.interview.send_interview_reminder'}, method='frappe.core.doctype.scheduled_job_type.scheduled_job_type.run_scheduled_jo..., site='mantratecerpstage.com', user='Administrator') (mantratecerpstage.com::scheduled_job::hrms.hr.doctype.interview.interview.send_interview_reminder)
2025-01-22 10:36:05,733 home-mantra-mantrastage-bench:default: frappe.utils.background_jobs.execute_job(event=None, is_async=True, job_name='frappe.core.doctype.scheduled_job_type.scheduled_job_type.run_scheduled_jo..., kwargs={'job_type': 'public_file_all'}, method='frappe.core.doctype.scheduled_job_type.scheduled_job_type.run_scheduled_jo..., site='mantratecerpstage.com', user='Administrator') (mantratecerpstage.com::scheduled_job::public_file_all)
2025-01-22 10:36:05,788 home-mantra-mantrastage-bench:default: Job OK (mantratecerpstage.com::scheduled_job::hrms.hr.doctype.interview.interview.send_interview_reminder)
2025-01-22 10:36:05,788 Result is kept for 600 seconds
2025-01-22 10:36:05,803 home-mantra-mantrastage-bench:default: Job OK (mantratecerpstage.com::scheduled_job::frappe.automation.doctype.reminder.reminder.send_reminders)
2025-01-22 10:36:05,803 Result is kept for 600 seconds
2025-01-22 10:36:05,923 home-mantra-mantrastage-bench:default: Job OK (mantratecerpstage.com::scheduled_job::frappe.email.queue.flush)
2025-01-22 10:36:05,923 Result is kept for 600 seconds
2025-01-22 10:36:06,034 home-mantra-mantrastage-bench:default: Job OK (mantratecerpstage.com::scheduled_job::public_file_all)
2025-01-22 10:36:06,034 Result is kept for 600 seconds
